,Unnamed: 0,value,formattedValue,hasData,link,topic_mid,topic_title,topic_type,habilidades
0,0,100,100,True,/trends/explore?q=/m/02h40lc&date=today+12-m&geo=BR,/m/02h40lc,Inglês,Língua,Inglês
1,1,31,31,True,/trends/explore?q=/m/05zjd&date=today+12-m&geo=BR,/m/05zjd,Português,Língua,Inglês
2,2,28,28,True,/trends/explore?q=/g/1218d9__&date=today+12-m&geo=BR,/g/1218d9__,Tradutor,Profissão,Inglês
3,3,12,12,True,/trends/explore?q=/m/07h26&date=today+12-m&geo=BR,/m/07h26,Tradução,Assunto,Inglês
4,4,4,4,True,/trends/explore?q=/m/09x0r&date=today+12-m&geo=BR,/m/09x0r,Fala,Assunto,Inglês
5,5,4,4,True,/trends/explore?q=/m/02jx1&date=today+12-m&geo=BR,/m/02jx1,Inglaterra,Nação constituinte do Reino Unido,Inglês
6,6,3,3,True,/trends/explore?q=/m/02_tc&date=today+12-m&geo=BR,/m/02_tc,Premier League,Liga de futebol,Inglês
7,7,1,1,True,/trends/explore?q=/m/099t2&date=today+12-m&geo=BR,/m/099t2,Verbo,Assunto,Inglês
8,8,1,1,True,/trends/explore?q=/m/03tjm&date=today+12-m&geo=BR,/m/03tjm,I,Assunto,Inglês
9,9,1,1,True,/trends/explore?q=/m/09gqx&date=today+12-m&geo=BR,/m/09gqx,La Liga,Liga de futebol,Inglês
10,10,0,<1,True,/trends/explore?q=/m/0217zf&date=today+12-m&geo=BR,/m/0217zf,Alfabeto inglês,Sistema de escrita do idioma,Inglês
11,11,0,<1,True,/trends/explore?q=/m/04phfx&date=today+12-m&geo=BR,/m/04phfx,Dias da semana,Assunto,Inglês
12,12,0,<1,True,/trends/explore?q=/g/11p44qhs93&date=today+12-m&geo=BR,/g/11p44qhs93,Premier League de 2021–22,Temporada,Inglês
13,13,0,<1,True,/trends/explore?q=/m/02p9w51&date=today+12-m&geo=BR,/m/02p9w51,Conta do Google,Assunto,Inglês
0,0,100,100,True,/trends/explore?q=/m/011l78&date=today+12-m&geo=BR,/m/011l78,Equipe,Assunto,Equipe
1,1,17,17,True,/trends/explore?q=/g/122h6md7&date=today+12-m&geo=BR,/g/122h6md7,Trabalho,Economia,Equipe
2,2,9,9,True,/trends/explore?q=/m/04dlyn&date=today+12-m&geo=BR,/m/04dlyn,Trabalho em equipe,Assunto,Equipe
3,3,5,5,True,/trends/explore?q=/m/01ht4f&date=today+12-m&geo=BR,/m/01ht4f,Motivação,Assunto,Equipe
4,4,3,3,True,/trends/explore?q=/m/025rt2s&date=today+12-m&geo=BR,/m/025rt2s,Liderança,Assunto,Equipe
5,5,2,2,True,/trends/explore?q=/m/03g_1kv&date=today+12-m&geo=BR,/m/03g_1kv,Objetivo,Assunto,Equipe
6,6,2,2,True,/trends/explore?q=/g/120s1x7w&date=today+12-m&geo=BR,/g/120s1x7w,Enfermagem,Campo profissional,Equipe
7,7,2,2,True,/trends/explore?q=/g/121c4vmj&date=today+12-m&geo=BR,/g/121c4vmj,Administração,Campo de estudo,Equipe
8,8,2,2,True,/trends/explore?q=/m/0qb7t&date=today+12-m&geo=BR,/m/0qb7t,Organização,Assunto,Equipe
9,9,2,2,True,/trends/explore?q=/m/02vzx9&date=today+12-m&geo=BR,/m/02vzx9,Jogador,Assunto,Equipe
10,10,2,2,True,/trends/explore?q=/m/07_53&date=today+12-m&geo=BR,/m/07_53,Vôlei,Esportes,Equipe
11,11,2,2,True,/trends/explore?q=/m/04f0pl&date=today+12-m&geo=BR,/m/04f0pl,Gratidão,Assunto,Equipe
12,12,2,2,True,/trends/explore?q=/m/01rf39&date=today+12-m&geo=BR,/m/01rf39,Equipe multidisciplinar,Assunto,Equipe
13,13,2,2,True,/trends/explore?q=/m/01gyqb&date=today+12-m&geo=BR,/m/01gyqb,Dinâmica,Campo de estudo,Equipe
14,14,1,1,True,/trends/explore?q=/m/02q38z7&date=today+12-m&geo=BR,/m/02q38z7,Gincana,Assunto,Equipe
15,15,1,1,True,/trends/explore?q=/m/01593g&date=today+12-m&geo=BR,/m/01593g,Qualidade,Assunto,Equipe
16,16,1,1,True,/trends/explore?q=/m/03qc9zr&date=today+12-m&geo=BR,/m/03qc9zr,Grito,Assunto,Equipe
17,17,1,1,True,/trends/explore?q=/m/04gy_2&date=today+12-m&geo=BR,/m/04gy_2,Grito de guerra,Assunto,Equipe
18,18,1,1,True,/trends/explore?q=/m/01jbm&date=today+12-m&geo=BR,/m/01jbm,Comportamento,Assunto,Equipe
19,19,0,<1,True,/trends/explore?q=/m/01h6lp&date=today+12-m&geo=BR,/m/01h6lp,Desempenho,Assunto,Equipe
20,20,0,<1,True,/trends/explore?q=/m/01s560&date=today+12-m&geo=BR,/m/01s560,Colaboração,Assunto,Equipe
21,21,0,<1,True,/trends/explore?q=/m/02xgdd&date=today+12-m&geo=BR,/m/02xgdd,Metodologia,Campo de estudo,Equipe
22,22,0,<1,True,/trends/explore?q=/m/03_14&date=today+12-m&geo=BR,/m/03_14,Integral,Assunto,Equipe
23,23,0,<1,True,/trends/explore?q=/g/120y8l81&date=today+12-m&geo=BR,/g/120y8l81,Entidade empresarial,Tipo de organização,Equipe
0,0,100,100,True,/trends/explore?q=/m/025s6bf&date=today+12-m&geo=BR,/m/025s6bf,Oxigénio,Elemento químico,Responsável
1,1,28,28,True,/trends/explore?q=/m/013y0j&date=today+12-m&geo=BR,/m/013y0j,Órgão,Anatomia,Responsável
2,2,27,27,True,/trends/explore?q=/m/0bj6r&date=today+12-m&geo=BR,/m/0bj6r,Sistema,Assunto,Responsável
3,3,23,23,True,/trends/explore?q=/m/015ns&date=today+12-m&geo=BR,/m/015ns,Ser,Assunto,Responsável
4,4,20,20,True,/trends/explore?q=/g/120hndy9&date=today+12-m&geo=BR,/g/120hndy9,Processos da gerência de projetos,Assunto,Responsável
5,5,18,18,True,/trends/explore?q=/m/01cbd&date=today+12-m&geo=BR,/m/01cbd,Célula,Assunto,Responsável
6,6,14,14,True,/trends/explore?q=/m/02v_93z&date=today+12-m&geo=BR,/m/02v_93z,Função,Matemática,Responsável
7,7,14,14,True,/trends/explore?q=/m/0dgw9r&date=today+12-m&geo=BR,/m/0dgw9r,Humano,Primatas,Responsável
8,8,14,14,True,/trends/explore?q=/m/0n68_&date=today+12-m&geo=BR,/m/0n68_,Estrutura,Assunto,Responsável
9,9,12,12,True,/trends/explore?q=/m/0806jls&date=today+12-m&geo=BR,/m/0806jls,Produção,Assunto,Responsável
10,10,10,10,True,/trends/explore?q=/m/0qb7t&date=today+12-m&geo=BR,/m/0qb7t,Organização,Assunto,Responsável
11,11,10,10,True,/trends/explore?q=/m/0559m&date=today+12-m&geo=BR,/m/0559m,Movimento,Assunto,Responsável
12,12,9,9,True,/trends/explore?q=/g/122152pm&date=today+12-m&geo=BR,/g/122152pm,Técnica,Assunto,Responsável
13,13,8,8,True,/trends/explore?q=/m/02pzt0q&date=today+12-m&geo=BR,/m/02pzt0q,Função,Biologia,Responsável
14,14,7,7,True,/trends/explore?q=/m/05nnm&date=today+12-m&geo=BR,/m/05nnm,Organismo,Assunto,Responsável
15,15,7,7,True,/trends/explore?q=/g/121c4vmj&date=today+12-m&geo=BR,/g/121c4vmj,Administração,Campo de estudo,Responsável
16,16,7,7,True,/trends/explore?q=/m/0lyf6&date=today+12-m&geo=BR,/m/0lyf6,Respiração,Assunto,Responsável
17,17,7,7,True,/trends/explore?q=/m/03y39&date=today+12-m&geo=BR,/m/03y39,Informação,Assunto,Responsável
18,18,7,7,True,/trends/explore?q=/m/02mm_&date=today+12-m&geo=BR,/m/02mm_,Energia,Assunto,Responsável
19,19,6,6,True,/trends/explore?q=/m/026sq&date=today+12-m&geo=BR,/m/026sq,Dados,Assunto,Responsável
20,20,5,5,True,/trends/explore?q=/m/09f96&date=today+12-m&geo=BR,/m/09f96,Mosquito,Inseto,Responsável
21,21,5,5,True,/trends/explore?q=/g/1234nbv3&date=today+12-m&geo=BR,/g/1234nbv3,Responsabilidade,Assunto,Responsável
22,22,4,4,True,/trends/explore?q=/m/05zppz&date=today+12-m&geo=BR,/m/05zppz,Masculino,Assunto,Responsável
23,23,4,4,True,/trends/explore?q=/m/0217bt&date=today+12-m&geo=BR,/m/0217bt,Planejamento,Assunto,Responsável
24,24,3,3,True,/trends/explore?q=/m/02rgsv7&date=today+12-m&geo=BR,/m/02rgsv7,Controle,Administração,Responsável
0,0,100,100,True,/trends/explore?q=/m/01lhf&date=today+12-m&geo=BR,/m/01lhf,Comunicação,Assunto,Comunicação
1,1,9,9,True,/trends/explore?q=/m/03qh03g&date=today+12-m&geo=BR,/m/03qh03g,Meios de comunicação,Assunto,Comunicação
2,2,8,8,True,/trends/explore?q=/m/07c1v&date=today+12-m&geo=BR,/m/07c1v,Tecnologia,Assunto,Comunicação
3,3,6,6,True,/trends/explore?q=/m/031cx3&date=today+12-m&geo=BR,/m/031cx3,Comunicação visual,Assunto,Comunicação
4,4,5,5,True,/trends/explore?q=/m/04g7d&date=today+12-m&geo=BR,/m/04g7d,Linguagem,Campo de estudo,Comunicação
5,5,5,5,True,/trends/explore?q=/m/02vk5n9&date=today+12-m&geo=BR,/m/02vk5n9,Tecnologias da informação e comunicação,Assunto,Comunicação
6,6,4,4,True,/trends/explore?q=/m/03y39&date=today+12-m&geo=BR,/m/03y39,Informação,Assunto,Comunicação
7,7,4,4,True,/trends/explore?q=/m/01qfr1&date=today+12-m&geo=BR,/m/01qfr1,Social,Assunto,Comunicação
8,8,3,3,True,/trends/explore?q=/m/014dgf&date=today+12-m&geo=BR,/m/014dgf,Vendas,Assunto,Comunicação
9,9,3,3,True,/trends/explore?q=/m/017lm&date=today+12-m&geo=BR,/m/017lm,Bluetooth,Assunto,Comunicação
10,10,3,3,True,/trends/explore?q=/m/0qb7t&date=today+12-m&geo=BR,/m/0qb7t,Organização,Assunto,Comunicação
11,11,3,3,True,/trends/explore?q=/m/0bj6r&date=today+12-m&geo=BR,/m/0bj6r,Sistema,Assunto,Comunicação
12,12,3,3,True,/trends/explore?q=/g/120hndy9&date=today+12-m&geo=BR,/g/120hndy9,Processos da gerência de projetos,Assunto,Comunicação
13,13,3,3,True,/trends/explore?q=/m/0g4gr&date=today+12-m&geo=BR,/m/0g4gr,Marketing,Assunto,Comunicação
14,14,3,3,True,/trends/explore?q=/m/01q4y&date=today+12-m&geo=BR,/m/01q4y,Elemento químico,Química,Comunicação
15,15,2,2,True,/trends/explore?q=/m/02y7c6&date=today+12-m&geo=BR,/m/02y7c6,Comunicação não violenta,Assunto,Comunicação
16,16,2,2,True,/trends/explore?q=/m/01ws5&date=today+12-m&geo=BR,/m/01ws5,Cultura,Assunto,Comunicação
17,17,2,2,True,/trends/explore?q=/m/0203b&date=today+12-m&geo=BR,/m/0203b,Conceito,Assunto,Comunicação
18,18,2,2,True,/trends/explore?q=/m/02glzb&date=today+12-m&geo=BR,/m/02glzb,Estudos da comunicação,Disciplina acadêmica,Comunicação
19,19,2,2,True,/trends/explore?q=/g/121c4vmj&date=today+12-m&geo=BR,/g/121c4vmj,Administração,Campo de estudo,Comunicação
20,20,2,2,True,/trends/explore?q=/m/03g_1kv&date=today+12-m&geo=BR,/m/03g_1kv,Objetivo,Assunto,Comunicação
0,0,100,100,True,/trends/explore?q=/m/0217bt&date=today+12-m&geo=BR,/m/0217bt,Planejamento,Assunto,Planejamento
1,1,16,16,True,/trends/explore?q=/m/025s6bf&date=today+12-m&geo=BR,/m/025s6bf,Oxigénio,Elemento químico,Planejamento
2,2,15,15,True,/trends/explore?q=/m/07b7r&date=today+12-m&geo=BR,/m/07b7r,Estratégia,Assunto,Planejamento
3,3,12,12,True,/trends/explore?q=/m/01h2x3&date=today+12-m&geo=BR,/m/01h2x3,Planejamento estratégico,Assunto,Planejamento
4,4,9,9,True,/trends/explore?q=/m/02jfc&date=today+12-m&geo=BR,/m/02jfc,Educação,Assunto,Planejamento
5,5,8,8,True,/trends/explore?q=/g/121c4vmj&date=today+12-m&geo=BR,/g/121c4vmj,Administração,Campo de estudo,Planejamento
6,6,7,7,True,/trends/explore?q=/m/0qb7t&date=today+12-m&geo=BR,/m/0qb7t,Organização,Assunto,Planejamento
7,7,7,7,True,/trends/explore?q=/g/120hndy9&date=today+12-m&geo=BR,/g/120hndy9,Processos da gerência de projetos,Assunto,Planejamento
8,8,6,6,True,/trends/explore?q=/m/0319ff&date=today+12-m&geo=BR,/m/0319ff,Aula,Assunto,Planejamento
9,9,6,6,True,/trends/explore?q=/m/015ns&date=today+12-m&geo=BR,/m/015ns,Ser,Assunto,Planejamento
10,10,5,5,True,/trends/explore?q=/g/121jnq1m&date=today+12-m&geo=BR,/g/121jnq1m,Negócios,Assunto,Planejamento
11,11,5,5,True,/trends/explore?q=/m/03g_1kv&date=today+12-m&geo=BR,/m/03g_1kv,Objetivo,Assunto,Planejamento
12,12,5,5,True,/trends/explore?q=/m/027wyv&date=today+12-m&geo=BR,/m/027wyv,Educação infantil,Categoria de escola,Planejamento
13,13,5,5,True,/trends/explore?q=/m/0156dy&date=today+12-m&geo=BR,/m/0156dy,Projeto,Assunto,Planejamento
14,14,4,4,True,/trends/explore?q=/m/018jrr&date=today+12-m&geo=BR,/m/018jrr,Plano,Assunto,Planejamento
15,15,4,4,True,/trends/explore?q=/g/1pwgtm22v&date=today+12-m&geo=BR,/g/1pwgtm22v,Planejamento financeiro,Assunto,Planejamento
16,16,4,4,True,/trends/explore?q=/g/121vr6rm&date=today+12-m&geo=BR,/g/121vr6rm,Análise,Assunto,Planejamento
17,17,4,4,True,/trends/explore?q=/m/01d30f&date=today+12-m&geo=BR,/m/01d30f,Professor,Profissão,Planejamento
18,18,3,3,True,/trends/explore?q=/m/09dhj&date=today+12-m&geo=BR,/m/09dhj,Família,Assunto,Planejamento
19,19,3,3,True,/trends/explore?q=/g/1215pkwr&date=today+12-m&geo=BR,/g/1215pkwr,Ensino,Assunto,Planejamento
20,20,3,3,True,/trends/explore?q=/g/11fy130dk_&date=today+12-m&geo=BR,/g/11fy130dk_,Base Nacional Comum Curricular,Assunto,Planejamento
21,21,3,3,True,/trends/explore?q=/m/0806jls&date=today+12-m&geo=BR,/m/0806jls,Produção,Assunto,Planejamento
22,22,3,3,True,/trends/explore?q=/m/02rgsv7&date=today+12-m&geo=BR,/m/02rgsv7,Controle,Administração,Planejamento
23,23,3,3,True,/trends/explore?q=/m/01hm9d&date=today+12-m&geo=BR,/m/01hm9d,Planejamento familiar,Assunto,Planejamento
24,24,2,2,True,/trends/explore?q=/m/0gw5h&date=today+12-m&geo=BR,/m/0gw5h,Avaliação,Assunto,Planejamento
0,0,100,100,True,/trends/explore?q=/m/038_nf&date=today+12-m&geo=BR,/m/038_nf,Modelagem de dados,Assunto,Modelagem
1,1,73,73,True,/trends/explore?q=/m/026sq&date=today+12-m&geo=BR,/m/026sq,Dados,Assunto,Modelagem
2,2,63,63,True,/trends/explore?q=/m/07hs4p&date=today+12-m&geo=BR,/m/07hs4p,Disciplina,Assunto,Modelagem
3,3,55,55,True,/trends/explore?q=/m/02q4625&date=today+12-m&geo=BR,/m/02q4625,3D,Computação gráfica,Modelagem
4,4,53,53,True,/trends/explore?q=/m/02p30vv&date=today+12-m&geo=BR,/m/02p30vv,Modelagem tridimensional,Assunto,Modelagem
5,5,49,49,True,/trends/explore?q=/m/04rjg&date=today+12-m&geo=BR,/m/04rjg,Matemática,Campo de estudo,Modelagem
6,6,40,40,True,/trends/explore?q=/m/0bj6r&date=today+12-m&geo=BR,/m/0bj6r,Sistema,Assunto,Modelagem
7,7,38,38,True,/trends/explore?q=/g/120hnrwk&date=today+12-m&geo=BR,/g/120hnrwk,Modelagem matemática,Assunto,Modelagem
8,8,33,33,True,/trends/explore?q=/m/04bxyt&date=today+12-m&geo=BR,/m/04bxyt,Modelagem de processos de negócio,Assunto,Modelagem
9,9,33,33,True,/trends/explore?q=/g/120hndy9&date=today+12-m&geo=BR,/g/120hndy9,Processos da gerência de projetos,Assunto,Modelagem
10,10,31,31,True,/trends/explore?q=/m/01mf0&date=today+12-m&geo=BR,/m/01mf0,Software,Assunto,Modelagem
11,11,30,30,True,/trends/explore?q=/m/02bc6&date=today+12-m&geo=BR,/m/02bc6,Banco de dados,Gênero do formato do arquivo,Modelagem
12,12,27,27,True,/trends/explore?q=/m/0mz8t&date=today+12-m&geo=BR,/m/0mz8t,Costura,Assunto,Modelagem
13,13,26,26,True,/trends/explore?q=/g/121vr6rm&date=today+12-m&geo=BR,/g/121vr6rm,Análise,Assunto,Modelagem
14,14,26,26,True,/trends/explore?q=/g/121jnq1m&date=today+12-m&geo=BR,/g/121jnq1m,Negócios,Assunto,Modelagem
15,15,25,25,True,/trends/explore?q=/m/07mhn&date=today+12-m&geo=BR,/m/07mhn,Calças,Peça de roupa,Modelagem
16,16,20,20,True,/trends/explore?q=/g/122152pm&date=today+12-m&geo=BR,/g/122152pm,Técnica,Assunto,Modelagem
17,17,19,19,True,/trends/explore?q=/m/07k1x&date=today+12-m&geo=BR,/m/07k1x,Ferramenta,Assunto,Modelagem
18,18,19,19,True,/trends/explore?q=/m/0156dy&date=today+12-m&geo=BR,/m/0156dy,Projeto,Assunto,Modelagem
19,19,18,18,True,/trends/explore?q=/m/02v0m2&date=today+12-m&geo=BR,/m/02v0m2,Diagrama,Assunto,Modelagem
20,20,16,16,True,/trends/explore?q=/g/12125d3v&date=today+12-m&geo=BR,/g/12125d3v,blusa,Roupa,Modelagem
21,21,15,15,True,/trends/explore?q=/m/0203b&date=today+12-m&geo=BR,/m/0203b,Conceito,Assunto,Modelagem
22,22,15,15,True,/trends/explore?q=/g/11d_8cl2zh&date=today+12-m&geo=BR,/g/11d_8cl2zh,Marlene Mukai,Canal do YouTube,Modelagem
23,23,14,14,True,/trends/explore?q=/m/07x3g&date=today+12-m&geo=BR,/m/07x3g,UML,Linguagem de programação,Modelagem
24,24,11,11,True,/trends/explore?q=/m/02njpz&date=today+12-m&geo=BR,/m/02njpz,Requisito,Assunto,Modelagem
0,0,100,100,True,/trends/explore?q=/m/03___6&date=today+12-m&geo=BR,/m/03___6,Foco,Assunto,Foco
1,1,53,53,True,/trends/explore?q=/g/11hcvzz_xd&date=today+12-m&geo=BR,/g/11hcvzz_xd,TV Foco,Assunto,Foco
2,2,41,41,True,/trends/explore?q=/g/11f50mhmx1&date=today+12-m&geo=BR,/g/11f50mhmx1,Foco Regional,Assunto,Foco
3,3,40,40,True,/trends/explore?q=/g/11bc8bpt5y&date=today+12-m&geo=BR,/g/11bc8bpt5y,Foco Aluguel de Carros,Assunto,Foco
4,4,28,28,True,/trends/explore?q=/g/11hb5rxbh4&date=today+12-m&geo=BR,/g/11hb5rxbh4,Foco Radical,"Serviço de fotografia em Florianópolis, Santa Catarina",Foco
5,5,16,16,True,/trends/explore?q=/g/12321gty&date=today+12-m&geo=BR,/g/12321gty,Foco narrativo,Assunto,Foco
6,6,11,11,True,/trends/explore?q=/m/03g_1kv&date=today+12-m&geo=BR,/m/03g_1kv,Objetivo,Assunto,Foco
7,7,10,10,True,/trends/explore?q=/g/1213tr54&date=today+12-m&geo=BR,/g/1213tr54,Tribuna,Assunto,Foco
8,8,10,10,True,/trends/explore?q=/m/0qb7t&date=today+12-m&geo=BR,/m/0qb7t,Organização,Assunto,Foco
9,9,10,10,True,/trends/explore?q=/g/121c4vmj&date=today+12-m&geo=BR,/g/121c4vmj,Administração,Campo de estudo,Foco
10,10,9,9,True,/trends/explore?q=/g/122cz_3g&date=today+12-m&geo=BR,/g/122cz_3g,Diário do Vale,Assunto,Foco
11,11,8,8,True,/trends/explore?q=/m/02zq2&date=today+12-m&geo=BR,/m/02zq2,Fé,Assunto,Foco
12,12,8,8,True,/trends/explore?q=/g/11jfchz6z2&date=today+12-m&geo=BR,/g/11jfchz6z2,Congresso em Foco,Site,Foco
13,13,8,8,True,/trends/explore?q=/g/11fhvsx6mv&date=today+12-m&geo=BR,/g/11fhvsx6mv,PORTAL CAMPO MAIOR EM FOCO,Assunto,Foco
14,14,7,7,True,/trends/explore?q=/m/096bg&date=today+12-m&geo=BR,/m/096bg,Pulmão,Assunto,Foco
15,15,5,5,True,/trends/explore?q=/m/0h98njv&date=today+12-m&geo=BR,/m/0h98njv,Concentração mental,Assunto,Foco
16,16,5,5,True,/trends/explore?q=/m/014w_8&date=today+12-m&geo=BR,/m/014w_8,Sepse,Condição,Foco
17,17,5,5,True,/trends/explore?q=/m/0hr2jb4&date=today+12-m&geo=BR,/m/0hr2jb4,Localiza,Empresa,Foco
18,18,5,5,True,/trends/explore?q=/g/11bbrnpf5j&date=today+12-m&geo=BR,/g/11bbrnpf5j,Movida Aluguel de Carros,Assunto,Foco
19,19,4,4,True,/trends/explore?q=/m/03h1sh1&date=today+12-m&geo=BR,/m/03h1sh1,Disciplina acadêmica,Conhecimento,Foco
20,20,3,3,True,/trends/explore?q=/g/11b7cbc16b&date=today+12-m&geo=BR,/g/11b7cbc16b,Unidas Aluguel de Carros,Assunto,Foco
21,21,3,3,True,/trends/explore?q=/g/11cmv1c608&date=today+12-m&geo=BR,/g/11cmv1c608,Fotop,Serviço de fotografia em São Paulo,Foco
22,22,3,3,True,/trends/explore?q=/g/11f50mhhnq&date=today+12-m&geo=BR,/g/11f50mhhnq,Cidades em Foco,Assunto,Foco
23,23,2,2,True,/trends/explore?q=/g/11fy130dk_&date=today+12-m&geo=BR,/g/11fy130dk_,Base Nacional Comum Curricular,Assunto,Foco
24,24,2,2,True,/trends/explore?q=/g/121dcy_c&date=today+12-m&geo=BR,/g/121dcy_c,Necessidade,Psicologia,Foco
0,0,100,100,True,/trends/explore?q=/m/06mnr&date=today+12-m&geo=BR,/m/06mnr,Estatística,Campo de estudo,Estatística
1,1,8,8,True,/trends/explore?q=/m/026sq&date=today+12-m&geo=BR,/m/026sq,Dados,Assunto,Estatística
2,2,7,7,True,/trends/explore?q=/m/05qhc&date=today+12-m&geo=BR,/m/05qhc,Probabilidade,Assunto,Estatística
3,3,5,5,True,/trends/explore?q=/m/06mqr&date=today+12-m&geo=BR,/m/06mqr,Estatística,Função,Estatística
4,4,5,5,True,/trends/explore?q=/m/04rjg&date=today+12-m&geo=BR,/m/04rjg,Matemática,Campo de estudo,Estatística
5,5,5,5,True,/trends/explore?q=/m/06cs1&date=today+12-m&geo=BR,/m/06cs1,Pesquisa,Assunto,Estatística
6,6,5,5,True,/trends/explore?q=/g/121vr6rm&date=today+12-m&geo=BR,/g/121vr6rm,Análise,Assunto,Estatística
7,7,4,4,True,/trends/explore?q=/m/02lk4j&date=today+12-m&geo=BR,/m/02lk4j,Instituto Brasileiro de Geografia e Estatística,Órgão federal,Estatística
8,8,4,4,True,/trends/explore?q=/m/06w0j&date=today+12-m&geo=BR,/m/06w0j,Amostra,Assunto,Estatística
9,9,3,3,True,/trends/explore?q=/m/04q347y&date=today+12-m&geo=BR,/m/04q347y,Gráfico,Assunto,Estatística
10,10,3,3,True,/trends/explore?q=/m/028sz&date=today+12-m&geo=BR,/m/028sz,Estatística descritiva,Assunto,Estatística
11,11,3,3,True,/trends/explore?q=/m/0gcpt&date=today+12-m&geo=BR,/m/0gcpt,Média,Assunto,Estatística
12,12,3,3,True,/trends/explore?q=/m/06mq7&date=today+12-m&geo=BR,/m/06mq7,Ciência,Categoria de escola,Estatística
13,13,3,3,True,/trends/explore?q=/m/0g5rjy_&date=today+12-m&geo=BR,/m/0g5rjy_,Variável,Estatística,Estatística
14,14,2,2,True,/trends/explore?q=/m/06vyy&date=today+12-m&geo=BR,/m/06vyy,Inferência estatística,Assunto,Estatística
15,15,2,2,True,/trends/explore?q=/m/0203b&date=today+12-m&geo=BR,/m/0203b,Conceito,Assunto,Estatística
16,16,2,2,True,/trends/explore?q=/m/0bxcz&date=today+12-m&geo=BR,/m/0bxcz,Função densidade,Assunto,Estatística
17,17,2,2,True,/trends/explore?q=/m/01v0jd&date=today+12-m&geo=BR,/m/01v0jd,Inferência,Assunto,Estatística
18,18,1,1,True,/trends/explore?q=/m/03l_zb&date=today+12-m&geo=BR,/m/03l_zb,Estatística Matemática,Campo de estudo,Estatística
19,19,1,1,True,/trends/explore?q=/m/03l129&date=today+12-m&geo=BR,/m/03l129,Escanteio,Assunto,Estatística
20,20,1,1,True,/trends/explore?q=/m/0jt3_q3&date=today+12-m&geo=BR,/m/0jt3_q3,Ciência de dados,Assunto,Estatística
21,21,1,1,True,/trends/explore?q=/m/06q2q&date=today+12-m&geo=BR,/m/06q2q,Cientista,Trabalho,Estatística
22,22,1,1,True,/trends/explore?q=/m/09k76pk&date=today+12-m&geo=BR,/m/09k76pk,Tendência central,Assunto,Estatística
23,23,1,1,True,/trends/explore?q=/m/02cck&date=today+12-m&geo=BR,/m/02cck,Conjunto de dados,Assunto,Estatística
24,24,0,<1,True,/trends/explore?q=/m/02jnw&date=today+12-m&geo=BR,/m/02jnw,Equação,Assunto,Estatística
0,0,100,100,True,/trends/explore?q=/m/015bv3&date=today+12-m&geo=BR,/m/015bv3,Documento,Assunto,Documentação
1,1,44,44,True,/trends/explore?q=/m/015www&date=today+12-m&geo=BR,/m/015www,Documentação,Assunto,Documentação
2,2,7,7,True,/trends/explore?q=/m/07yv9&date=today+12-m&geo=BR,/m/07yv9,Veículo,Assunto,Documentação
3,3,6,6,True,/trends/explore?q=/m/06k1r&date=today+12-m&geo=BR,/m/06k1r,Imóvel,Tipo de organização,Documentação
4,4,4,4,True,/trends/explore?q=/m/01xlgp&date=today+12-m&geo=BR,/m/01xlgp,Ortodontia,Especialidade médica,Documentação
5,5,3,3,True,/trends/explore?q=/g/122p7y8w&date=today+12-m&geo=BR,/g/122p7y8w,Programa Universidade para Todos,Assunto,Documentação
6,6,3,3,True,/trends/explore?q=/g/120hndy9&date=today+12-m&geo=BR,/g/120hndy9,Processos da gerência de projetos,Assunto,Documentação
7,7,3,3,True,/trends/explore?q=/m/05sv1&date=today+12-m&geo=BR,/m/05sv1,Passaporte,Assunto,Documentação
8,8,3,3,True,/trends/explore?q=/m/0bhr4z&date=today+12-m&geo=BR,/m/0bhr4z,Valor,Economia,Documentação
9,9,2,2,True,/trends/explore?q=/m/025rt4t&date=today+12-m&geo=BR,/m/025rt4t,Gestão de compras,Assunto,Documentação
10,10,2,2,True,/trends/explore?q=/m/0z5n&date=today+12-m&geo=BR,/m/0z5n,Interface de programação de aplicações,Assunto,Documentação
11,11,2,2,True,/trends/explore?q=/m/03dd26&date=today+12-m&geo=BR,/m/03dd26,Financiamento,Papel ou serviço da companhia de cinema,Documentação
12,12,2,2,True,/trends/explore?q=/m/03y39&date=today+12-m&geo=BR,/m/03y39,Informação,Assunto,Documentação
13,13,2,2,True,/trends/explore?q=/m/01mf0&date=today+12-m&geo=BR,/m/01mf0,Software,Assunto,Documentação
14,14,2,2,True,/trends/explore?q=/m/05z1_&date=today+12-m&geo=BR,/m/05z1_,Python,Linguagem de programação,Documentação
15,15,1,1,True,/trends/explore?q=/m/02p97&date=today+12-m&geo=BR,/m/02p97,JavaScript,Linguagem de programação,Documentação
16,16,1,1,True,/trends/explore?q=/m/0521g6n&date=today+12-m&geo=BR,/m/0521g6n,documentação técnica,Assunto,Documentação
17,17,1,1,True,/trends/explore?q=/m/0_jm&date=today+12-m&geo=BR,/m/0_jm,Contabilidade,Campo de estudo,Documentação
18,18,1,1,True,/trends/explore?q=/m/07sbkfb&date=today+12-m&geo=BR,/m/07sbkfb,Java,Linguagem de programação,Documentação
19,19,1,1,True,/trends/explore?q=/m/01wtrk&date=today+12-m&geo=BR,/m/01wtrk,Visto,Assunto,Documentação
20,20,1,1,True,/trends/explore?q=/g/1231rq5m&date=today+12-m&geo=BR,/g/1231rq5m,Cadastro Único para Programas Sociais,Assunto,Documentação
21,21,1,1,True,/trends/explore?q=/m/06vhm&date=today+12-m&geo=BR,/m/06vhm,Documentação de software,Assunto,Documentação
22,22,1,1,True,/trends/explore?q=/g/120n2mwl&date=today+12-m&geo=BR,/g/120n2mwl,Ação,Direito,Documentação
23,23,1,1,True,/trends/explore?q=/m/012l1vxv&date=today+12-m&geo=BR,/m/012l1vxv,React,JavaScript,Documentação
24,24,1,1,True,/trends/explore?q=/m/03g20&date=today+12-m&geo=BR,/m/03g20,HTML,Linguagem de programação,Documentação
0,0,100,100,True,/trends/explore?q=/g/1229dkv6&date=today+12-m&geo=BR,/g/1229dkv6,Inovação,Assunto,Inovação
1,1,25,25,True,/trends/explore?q=/m/07c1v&date=today+12-m&geo=BR,/m/07c1v,Tecnologia,Assunto,Inovação
2,2,8,8,True,/trends/explore?q=/m/0vh9p&date=today+12-m&geo=BR,/m/0vh9p,Inovação,Assunto,Inovação
3,3,8,8,True,/trends/explore?q=/g/121zpl2_&date=today+12-m&geo=BR,/g/121zpl2_,Inovação tecnológica,Assunto,Inovação
4,4,7,7,True,/trends/explore?q=/g/120hndy9&date=today+12-m&geo=BR,/g/120hndy9,Processos da gerência de projetos,Assunto,Inovação
5,5,6,6,True,/trends/explore?q=/g/121c4vmj&date=today+12-m&geo=BR,/g/121c4vmj,Administração,Campo de estudo,Inovação
6,6,6,6,True,/trends/explore?q=/m/02nwq&date=today+12-m&geo=BR,/m/02nwq,Empreendedorismo,Assunto,Inovação
7,7,6,6,True,/trends/explore?q=/g/121jnq1m&date=today+12-m&geo=BR,/g/121jnq1m,Negócios,Assunto,Inovação
8,8,5,5,True,/trends/explore?q=/m/0qb7t&date=today+12-m&geo=BR,/m/0qb7t,Organização,Assunto,Inovação
9,9,5,5,True,/trends/explore?q=/m/02jfc&date=today+12-m&geo=BR,/m/02jfc,Educação,Assunto,Inovação
10,10,5,5,True,/trends/explore?q=/m/0120fn&date=today+12-m&geo=BR,/m/0120fn,Criatividade,Assunto,Inovação
11,11,4,4,True,/trends/explore?q=/m/0203b&date=today+12-m&geo=BR,/m/0203b,Conceito,Assunto,Inovação
12,12,4,4,True,/trends/explore?q=/m/01jwgf&date=today+12-m&geo=BR,/m/01jwgf,Produto,Marketing,Inovação
13,13,4,4,True,/trends/explore?q=/m/06mq7&date=today+12-m&geo=BR,/m/06mq7,Ciência,Categoria de escola,Inovação
14,14,4,4,True,/trends/explore?q=/m/07b7r&date=today+12-m&geo=BR,/m/07b7r,Estratégia,Assunto,Inovação
15,15,3,3,True,/trends/explore?q=/g/121ymzyz&date=today+12-m&geo=BR,/g/121ymzyz,Indústria,Assunto,Inovação
16,16,3,3,True,/trends/explore?q=/m/0156dy&date=today+12-m&geo=BR,/m/0156dy,Projeto,Assunto,Inovação
17,17,3,3,True,/trends/explore?q=/m/01k8wb&date=today+12-m&geo=BR,/m/01k8wb,Conhecimento,Assunto,Inovação
18,18,3,3,True,/trends/explore?q=/g/121vr6rm&date=today+12-m&geo=BR,/g/121vr6rm,Análise,Assunto,Inovação
19,19,3,3,True,/trends/explore?q=/m/09y4pm&date=today+12-m&geo=BR,/m/09y4pm,Mercado,Assunto,Inovação
20,20,2,2,True,/trends/explore?q=/m/01qfr1&date=today+12-m&geo=BR,/m/01qfr1,Social,Assunto,Inovação
21,21,2,2,True,/trends/explore?q=/m/02j62&date=today+12-m&geo=BR,/m/02j62,Economia,Campo de estudo,Inovação
22,22,2,2,True,/trends/explore?q=/m/0cvr_&date=today+12-m&geo=BR,/m/0cvr_,Tecnologia disruptiva,Assunto,Inovação
23,23,1,1,True,/trends/explore?q=/m/09mwmm&date=today+12-m&geo=BR,/m/09mwmm,Serviço Nacional de Aprendizagem Industrial,Instituição sem fins lucrativos,Inovação
24,24,1,1,True,/trends/explore?q=/m/025tjcb&date=today+12-m&geo=BR,/m/025tjcb,Colégio,Categoria de escola,Inovação
0,0,100,100,True,/trends/explore?q=/m/02zhbn&date=today+12-m&geo=BR,/m/02zhbn,Desenvolvimento ágil de software,Assunto,Metodologias Ágeis
1,1,65,65,True,/trends/explore?q=/m/011lb2p3&date=today+12-m&geo=BR,/m/011lb2p3,Processo de desenvolvimento de software,Assunto,Metodologias Ágeis
2,2,62,62,True,/trends/explore?q=/g/120y8kk3&date=today+12-m&geo=BR,/g/120y8kk3,metodologia,Assunto,Metodologias Ágeis
3,3,16,16,True,/trends/explore?q=/g/121c4vmj&date=today+12-m&geo=BR,/g/121c4vmj,Administração,Campo de estudo,Metodologias Ágeis
4,4,16,16,True,/trends/explore?q=/m/0156dy&date=today+12-m&geo=BR,/m/0156dy,Projeto,Assunto,Metodologias Ágeis
5,5,15,15,True,/trends/explore?q=/m/0ck_p8&date=today+12-m&geo=BR,/m/0ck_p8,Scrum,Assunto,Metodologias Ágeis
6,6,14,14,True,/trends/explore?q=/m/02xgdd&date=today+12-m&geo=BR,/m/02xgdd,Metodologia,Campo de estudo,Metodologias Ágeis
7,7,13,13,True,/trends/explore?q=/m/07hs4p&date=today+12-m&geo=BR,/m/07hs4p,Disciplina,Assunto,Metodologias Ágeis
8,8,8,8,True,/trends/explore?q=/m/07k1x&date=today+12-m&geo=BR,/m/07k1x,Ferramenta,Assunto,Metodologias Ágeis
9,9,7,7,True,/trends/explore?q=/g/11bc5jycql&date=today+12-m&geo=BR,/g/11bc5jycql,Agile management,Gênero do software,Metodologias Ágeis
10,10,7,7,True,/trends/explore?q=/m/01mf0&date=today+12-m&geo=BR,/m/01mf0,Software,Assunto,Metodologias Ágeis
11,11,5,5,True,/trends/explore?q=/g/120hndy9&date=today+12-m&geo=BR,/g/120hndy9,Processos da gerência de projetos,Assunto,Metodologias Ágeis
12,12,5,5,True,/trends/explore?q=/g/121jnq1m&date=today+12-m&geo=BR,/g/121jnq1m,Negócios,Assunto,Metodologias Ágeis
13,13,5,5,True,/trends/explore?q=/m/04_tv&date=today+12-m&geo=BR,/m/04_tv,Gerência,Categoria de escola,Metodologias Ágeis
14,14,5,5,True,/trends/explore?q=/m/0qb7t&date=today+12-m&geo=BR,/m/0qb7t,Organização,Assunto,Metodologias Ágeis
15,15,5,5,True,/trends/explore?q=/m/03vgrr&date=today+12-m&geo=BR,/m/03vgrr,LinkedIn,Rede social,Metodologias Ágeis
16,16,5,5,True,/trends/explore?q=/m/01mwhw&date=today+12-m&geo=BR,/m/01mwhw,Kanban,Assunto,Metodologias Ágeis
17,17,5,5,True,/trends/explore?q=/g/121vr6rm&date=today+12-m&geo=BR,/g/121vr6rm,Análise,Assunto,Metodologias Ágeis
18,18,4,4,True,/trends/explore?q=/m/07c1v&date=today+12-m&geo=BR,/m/07c1v,Tecnologia,Assunto,Metodologias Ágeis
19,19,4,4,True,/trends/explore?q=/m/02cwm&date=today+12-m&geo=BR,/m/02cwm,Design,Assunto,Metodologias Ágeis
20,20,4,4,True,/trends/explore?q=/m/07s6fsf&date=today+12-m&geo=BR,/m/07s6fsf,Master of Business Administration,Grau,Metodologias Ágeis
21,21,4,4,True,/trends/explore?q=/m/01hvn0&date=today+12-m&geo=BR,/m/01hvn0,Método,Programação,Metodologias Ágeis
22,22,4,4,True,/trends/explore?q=/m/0217bt&date=today+12-m&geo=BR,/m/0217bt,Planejamento,Assunto,Metodologias Ágeis
23,23,4,4,True,/trends/explore?q=/m/025sbhf&date=today+12-m&geo=BR,/m/025sbhf,Desenvolvimento de software,Assunto,Metodologias Ágeis
24,24,3,3,True,/trends/explore?q=/m/01fzp1&date=today+12-m&geo=BR,/m/01fzp1,Lean manufacturing,Assunto,Metodologias Ágeis
0,0,100,100,True,/trends/explore?q=/m/01nccs&date=today+12-m&geo=BR,/m/01nccs,Tomada de decisão,Assunto,Decisão
1,1,53,53,True,/trends/explore?q=/g/120t9g9d&date=today+12-m&geo=BR,/g/120t9g9d,Recurso processual,Assunto,Decisão
2,2,37,37,True,/trends/explore?q=/g/120hndy9&date=today+12-m&geo=BR,/g/120hndy9,Processos da gerência de projetos,Assunto,Decisão
3,3,35,35,True,/trends/explore?q=/m/0_l9qcy&date=today+12-m&geo=BR,/m/0_l9qcy,Processo judicial,Assunto,Decisão
4,4,32,32,True,/trends/explore?q=/m/097l8h&date=today+12-m&geo=BR,/m/097l8h,Supremo Tribunal Federal,Tribunal,Decisão
5,5,27,27,True,/trends/explore?q=/g/122r2tzn&date=today+12-m&geo=BR,/g/122r2tzn,Decisão interlocutória,Assunto,Decisão
6,6,22,22,True,/trends/explore?q=/m/0g6tm&date=today+12-m&geo=BR,/m/0g6tm,Poder Judiciário,Assunto,Decisão
7,7,20,20,True,/trends/explore?q=/g/120spy7m&date=today+12-m&geo=BR,/g/120spy7m,Agravo,Assunto,Decisão
8,8,20,20,True,/trends/explore?q=/m/0c5lg&date=today+12-m&geo=BR,/m/0c5lg,Juiz,Atividade,Decisão
9,9,19,19,True,/trends/explore?q=/m/03k6ml&date=today+12-m&geo=BR,/m/03k6ml,Sentença,Assunto,Decisão
10,10,18,18,True,/trends/explore?q=/m/02q98l3&date=today+12-m&geo=BR,/m/02q98l3,Superior Tribunal de Justiça,"Repartição pública federal em Brasília, Distrito Federal",Decisão
11,11,17,17,True,/trends/explore?q=/m/04cr5_t&date=today+12-m&geo=BR,/m/04cr5_t,prazo,Assunto,Decisão
12,12,17,17,True,/trends/explore?q=/g/122w1gqh&date=today+12-m&geo=BR,/g/122w1gqh,Agravo de instrumento,Assunto,Decisão
13,13,16,16,True,/trends/explore?q=/g/121c4vmj&date=today+12-m&geo=BR,/g/121c4vmj,Administração,Campo de estudo,Decisão
14,14,15,15,True,/trends/explore?q=/m/0qb7t&date=today+12-m&geo=BR,/m/0qb7t,Organização,Assunto,Decisão
15,15,15,15,True,/trends/explore?q=/g/121vr6rm&date=today+12-m&geo=BR,/g/121vr6rm,Análise,Assunto,Decisão
16,16,14,14,True,/trends/explore?q=/m/0k05r&date=today+12-m&geo=BR,/m/0k05r,Tribunal,Assunto,Decisão
17,17,13,13,True,/trends/explore?q=/m/03y39&date=today+12-m&geo=BR,/m/03y39,Informação,Assunto,Decisão
18,18,12,12,True,/trends/explore?q=/g/122wbmx8&date=today+12-m&geo=BR,/g/122wbmx8,Decisão monocrática,Assunto,Decisão
19,19,11,11,True,/trends/explore?q=/g/120qdvj0&date=today+12-m&geo=BR,/g/120qdvj0,Princípio,Assunto,Decisão
20,20,11,11,True,/trends/explore?q=/g/120n2mwl&date=today+12-m&geo=BR,/g/120n2mwl,Ação,Direito,Decisão
21,21,8,8,True,/trends/explore?q=/g/112yfqf_1&date=today+12-m&geo=BR,/g/112yfqf_1,Jurisprudência,Assunto,Decisão
22,22,5,5,True,/trends/explore?q=/m/01htpj&date=today+12-m&geo=BR,/m/01htpj,Árvore de decisão,Assunto,Decisão
23,23,3,3,True,/trends/explore?q=/g/11hpvsrwd4&date=today+12-m&geo=BR,/g/11hpvsrwd4,Jusbrasil,Empresa,Decisão
24,24,3,3,True,/trends/explore?q=/m/02xgdd&date=today+12-m&geo=BR,/m/02xgdd,Metodologia,Campo de estudo,Decisão
0,0,100,100,True,/trends/explore?q=/m/04cr5_t&date=today+12-m&geo=BR,/m/04cr5_t,prazo,Assunto,Prazos
1,1,59,59,True,/trends/explore?q=/m/01d_1l&date=today+12-m&geo=BR,/m/01d_1l,Preço,Assunto,Prazos
2,2,43,43,True,/trends/explore?q=/m/07qcyv&date=today+12-m&geo=BR,/m/07qcyv,Empresa Brasileira de Correios e Telégrafos,Empresa,Prazos
3,3,9,9,True,/trends/explore?q=/g/12dpww5zj&date=today+12-m&geo=BR,/g/12dpww5zj,Prazo processual,Assunto,Prazos
4,4,8,8,True,/trends/explore?q=/g/11r7prxtg&date=today+12-m&geo=BR,/g/11r7prxtg,Tribunal de Justiça do Estado de São Paulo,Assunto,Prazos
5,5,8,8,True,/trends/explore?q=/g/11bbrjqlhs&date=today+12-m&geo=BR,/g/11bbrjqlhs,Tribunal de Justiça do Estado de São Paulo,Assunto,Prazos
6,6,6,6,True,/trends/explore?q=/m/024d2&date=today+12-m&geo=BR,/m/024d2,Calculadora,Assunto,Prazos
7,7,5,5,True,/trends/explore?q=/m/0_l9qcy&date=today+12-m&geo=BR,/m/0_l9qcy,Processo judicial,Assunto,Prazos
8,8,5,5,True,/trends/explore?q=/m/01p9pz&date=today+12-m&geo=BR,/m/01p9pz,Contagem,Matemática,Prazos
9,9,5,5,True,/trends/explore?q=/m/0dh8s&date=today+12-m&geo=BR,/m/0dh8s,Correio,Assunto,Prazos
10,10,5,5,True,/trends/explore?q=/g/120hndy9&date=today+12-m&geo=BR,/g/120hndy9,Processos da gerência de projetos,Assunto,Prazos
11,11,4,4,True,/trends/explore?q=/g/11b6gpz74m&date=today+12-m&geo=BR,/g/11b6gpz74m,Tribunal de Justiça do Estado do Rio de Janeiro,Assunto,Prazos
12,12,4,4,True,/trends/explore?q=/g/120t9g9d&date=today+12-m&geo=BR,/g/120t9g9d,Recurso processual,Assunto,Prazos
13,13,3,3,True,/trends/explore?q=/m/0c3lk5&date=today+12-m&geo=BR,/m/0c3lk5,Dia útil,Assunto,Prazos
14,14,3,3,True,/trends/explore?q=/m/01n5w&date=today+12-m&geo=BR,/m/01n5w,Direito penal,Assunto,Prazos
15,15,3,3,True,/trends/explore?q=/m/01187f7t&date=today+12-m&geo=BR,/m/01187f7t,Carteira Nacional de Habilitação,Assunto,Prazos
16,16,3,3,True,/trends/explore?q=/m/06pc7&date=today+12-m&geo=BR,/m/06pc7,Prescrição,Assunto,Prazos
17,17,2,2,True,/trends/explore?q=/m/01g05b&date=today+12-m&geo=BR,/m/01g05b,Código civil,Assunto,Prazos
18,18,1,1,True,/trends/explore?q=/g/120jxr1m&date=today+12-m&geo=BR,/g/120jxr1m,Juizado Especial Cível,Assunto,Prazos
19,19,1,1,True,/trends/explore?q=/m/07b7r&date=today+12-m&geo=BR,/m/07b7r,Estratégia,Assunto,Prazos
20,20,1,1,True,/trends/explore?q=/m/02zlzc&date=today+12-m&geo=BR,/m/02zlzc,Usucapião,Assunto,Prazos
21,21,1,1,True,/trends/explore?q=/g/112yfqf_1&date=today+12-m&geo=BR,/g/112yfqf_1,Jurisprudência,Assunto,Prazos
22,22,1,1,True,/trends/explore?q=/g/11h644sbn4&date=today+12-m&geo=BR,/g/11h644sbn4,Legalcloud,Empresa de software no Rio de Janeiro,Prazos
23,23,1,1,True,/trends/explore?q=/g/1234nbv3&date=today+12-m&geo=BR,/g/1234nbv3,Responsabilidade,Assunto,Prazos
24,24,1,1,True,/trends/explore?q=/m/0gghm&date=today+12-m&geo=BR,/m/0gghm,Dobro,Instrumento musical,Prazos
0,0,100,100,True,/trends/explore?q=/m/026sq&date=today+12-m&geo=BR,/m/026sq,Dados,Assunto,Extração de Dados
1,1,66,66,True,/trends/explore?q=/m/0fq2y8f&date=today+12-m&geo=BR,/m/0fq2y8f,Extração,Assunto,Extração de Dados
2,2,27,27,True,/trends/explore?q=/m/025s6bf&date=today+12-m&geo=BR,/m/025s6bf,Oxigénio,Elemento químico,Extração de Dados
3,3,17,17,True,/trends/explore?q=/g/120hndy9&date=today+12-m&geo=BR,/g/120hndy9,Processos da gerência de projetos,Assunto,Extração de Dados
4,4,15,15,True,/trends/explore?q=/g/121vr6rm&date=today+12-m&geo=BR,/g/121vr6rm,Análise,Assunto,Extração de Dados
5,5,15,15,True,/trends/explore?q=/m/03y39&date=today+12-m&geo=BR,/m/03y39,Informação,Assunto,Extração de Dados
6,6,13,13,True,/trends/explore?q=/m/015ns&date=today+12-m&geo=BR,/m/015ns,Ser,Assunto,Extração de Dados
7,7,10,10,True,/trends/explore?q=/m/07k1x&date=today+12-m&geo=BR,/m/07k1x,Ferramenta,Assunto,Extração de Dados
8,8,10,10,True,/trends/explore?q=/m/0qb7t&date=today+12-m&geo=BR,/m/0qb7t,Organização,Assunto,Extração de Dados
9,9,9,9,True,/trends/explore?q=/m/02lk4j&date=today+12-m&geo=BR,/m/02lk4j,Instituto Brasileiro de Geografia e Estatística,Órgão federal,Extração de Dados
10,10,9,9,True,/trends/explore?q=/m/0bs2j8q&date=today+12-m&geo=BR,/m/0bs2j8q,Big data,Assunto,Extração de Dados
11,11,9,9,True,/trends/explore?q=/m/07c1v&date=today+12-m&geo=BR,/m/07c1v,Tecnologia,Assunto,Extração de Dados
12,12,9,9,True,/trends/explore?q=/g/122152pm&date=today+12-m&geo=BR,/g/122152pm,Técnica,Assunto,Extração de Dados
13,13,7,7,True,/trends/explore?q=/m/0g4gr&date=today+12-m&geo=BR,/m/0g4gr,Marketing,Assunto,Extração de Dados
14,14,7,7,True,/trends/explore?q=/m/0bj6r&date=today+12-m&geo=BR,/m/0bj6r,Sistema,Assunto,Extração de Dados
15,15,6,6,True,/trends/explore?q=/m/016jq3&date=today+12-m&geo=BR,/m/016jq3,Inteligência empresarial,Assunto,Extração de Dados
16,16,6,6,True,/trends/explore?q=/m/0blvg&date=today+12-m&geo=BR,/m/0blvg,Mineração de dados,Assunto,Extração de Dados
17,17,6,6,True,/trends/explore?q=/m/06mpr&date=today+12-m&geo=BR,/m/06mpr,Conjunto,Assunto,Extração de Dados
18,18,6,6,True,/trends/explore?q=/m/01_tgj&date=today+12-m&geo=BR,/m/01_tgj,Respeito,Assunto,Extração de Dados
19,19,5,5,True,/trends/explore?q=/m/0n68_&date=today+12-m&geo=BR,/m/0n68_,Estrutura,Assunto,Extração de Dados
20,20,5,5,True,/trends/explore?q=/m/0203b&date=today+12-m&geo=BR,/m/0203b,Conceito,Assunto,Extração de Dados
21,21,5,5,True,/trends/explore?q=/m/04fzr5d&date=today+12-m&geo=BR,/m/04fzr5d,Visualização de dados,Assunto,Extração de Dados
22,22,5,5,True,/trends/explore?q=/m/026yf&date=today+12-m&geo=BR,/m/026yf,Definição,Assunto,Extração de Dados
23,23,5,5,True,/trends/explore?q=/m/06cs1&date=today+12-m&geo=BR,/m/06cs1,Pesquisa,Assunto,Extração de Dados
24,24,5,5,True,/trends/explore?q=/m/01tygv&date=today+12-m&geo=BR,/m/01tygv,Arquivo,Tipo de organização,Extração de Dados
0,0,100,100,True,/trends/explore?q=/m/0dkw5&date=today+12-m&geo=BR,/m/0dkw5,Máquina,Assunto,Machine Learning
1,1,93,93,True,/trends/explore?q=/m/01hyh_&date=today+12-m&geo=BR,/m/01hyh_,Aprendizado de máquina,Campo de estudo,Machine Learning
2,2,16,16,True,/trends/explore?q=/m/0191f8&date=today+12-m&geo=BR,/m/0191f8,Aprendizagem,Campo de estudo,Machine Learning
3,3,12,12,True,/trends/explore?q=/m/026sq&date=today+12-m&geo=BR,/m/026sq,Dados,Assunto,Machine Learning
4,4,9,9,True,/trends/explore?q=/m/05z1_&date=today+12-m&geo=BR,/m/05z1_,Python,Linguagem de programação,Machine Learning
5,5,8,8,True,/trends/explore?q=/m/0mkz&date=today+12-m&geo=BR,/m/0mkz,Inteligência artificial,Campo de estudo,Machine Learning
6,6,6,6,True,/trends/explore?q=/m/02kwz2&date=today+12-m&geo=BR,/m/02kwz2,Inteligência,Assunto,Machine Learning
7,7,5,5,True,/trends/explore?q=/m/0jpv&date=today+12-m&geo=BR,/m/0jpv,Algoritmo,Assunto,Machine Learning
8,8,4,4,True,/trends/explore?q=/m/0jt3_q3&date=today+12-m&geo=BR,/m/0jt3_q3,Ciência de dados,Assunto,Machine Learning
9,9,4,4,True,/trends/explore?q=/m/06mq7&date=today+12-m&geo=BR,/m/06mq7,Ciência,Categoria de escola,Machine Learning
10,10,4,4,True,/trends/explore?q=/m/0h1fn8h&date=today+12-m&geo=BR,/m/0h1fn8h,Aprendizagem profunda,Assunto,Machine Learning
11,11,3,3,True,/trends/explore?q=/g/120vhg3f&date=today+12-m&geo=BR,/g/120vhg3f,Aprendizagem,Assunto,Machine Learning
12,12,3,3,True,/trends/explore?q=/m/09j9h&date=today+12-m&geo=BR,/m/09j9h,Engenheiro,Emprego,Machine Learning
13,13,3,3,True,/trends/explore?q=/g/121vr6rm&date=today+12-m&geo=BR,/g/121vr6rm,Análise,Assunto,Machine Learning
14,14,3,3,True,/trends/explore?q=/m/02ky346&date=today+12-m&geo=BR,/m/02ky346,Engenharia,Campo profissional,Machine Learning
15,15,2,2,True,/trends/explore?q=/m/07c1v&date=today+12-m&geo=BR,/m/07c1v,Tecnologia,Assunto,Machine Learning
16,16,2,2,True,/trends/explore?q=/m/0bs2j8q&date=today+12-m&geo=BR,/m/0bs2j8q,Big data,Assunto,Machine Learning
17,17,2,2,True,/trends/explore?q=/m/03f9cn&date=today+12-m&geo=BR,/m/03f9cn,Regressão,Estatística,Machine Learning
18,18,2,2,True,/trends/explore?q=/m/05dhw&date=today+12-m&geo=BR,/m/05dhw,Rede neural artificial,Campo de estudo,Machine Learning
19,19,2,2,True,/trends/explore?q=/m/04y7lrx&date=today+12-m&geo=BR,/m/04y7lrx,Microsoft Azure,Software,Machine Learning
20,20,2,2,True,/trends/explore?q=/m/0h97pvq&date=today+12-m&geo=BR,/m/0h97pvq,scikit-learn,Assunto,Machine Learning
21,21,2,2,True,/trends/explore?q=/m/01klyk&date=today+12-m&geo=BR,/m/01klyk,Previsão,Assunto,Machine Learning
22,22,2,2,True,/trends/explore?q=/m/02cck&date=today+12-m&geo=BR,/m/02cck,Conjunto de dados,Assunto,Machine Learning
23,23,1,1,True,/trends/explore?q=/m/054_cb&date=today+12-m&geo=BR,/m/054_cb,Metaverso,Universo ficcional,Machine Learning
24,24,1,1,True,/trends/explore?q=/m/04wwwq&date=today+12-m&geo=BR,/m/04wwwq,Floresta aleatória,Assunto,Machine Learning
0,0,100,100,True,/trends/explore?q=/m/025s6bf&date=today+12-m&geo=BR,/m/025s6bf,Oxigénio,Elemento químico,Indicadores
1,1,77,77,True,/trends/explore?q=/m/0kt51&date=today+12-m&geo=BR,/m/0kt51,Saúde,Assunto,Indicadores
2,2,52,52,True,/trends/explore?q=/g/1q6j7fxkz&date=today+12-m&geo=BR,/g/1q6j7fxkz,Indicador social,Assunto,Indicadores
3,3,52,52,True,/trends/explore?q=/m/01h6lp&date=today+12-m&geo=BR,/m/01h6lp,Desempenho,Assunto,Indicadores
4,4,48,48,True,/trends/explore?q=/m/02j62&date=today+12-m&geo=BR,/m/02j62,Economia,Campo de estudo,Indicadores
5,5,47,47,True,/trends/explore?q=/g/121vr6rm&date=today+12-m&geo=BR,/g/121vr6rm,Análise,Assunto,Indicadores
6,6,47,47,True,/trends/explore?q=/m/01593g&date=today+12-m&geo=BR,/m/01593g,Qualidade,Assunto,Indicadores
7,7,45,45,True,/trends/explore?q=/g/121c4vmj&date=today+12-m&geo=BR,/g/121c4vmj,Administração,Campo de estudo,Indicadores
8,8,40,40,True,/trends/explore?q=/g/120hndy9&date=today+12-m&geo=BR,/g/120hndy9,Processos da gerência de projetos,Assunto,Indicadores
9,9,33,33,True,/trends/explore?q=/m/03g_1kv&date=today+12-m&geo=BR,/m/03g_1kv,Objetivo,Assunto,Indicadores
10,10,31,31,True,/trends/explore?q=/m/0gw5h&date=today+12-m&geo=BR,/m/0gw5h,Avaliação,Assunto,Indicadores
11,11,30,30,True,/trends/explore?q=/m/01lff&date=today+12-m&geo=BR,/m/01lff,País,Assunto,Indicadores
12,12,30,30,True,/trends/explore?q=/m/026sq&date=today+12-m&geo=BR,/m/026sq,Dados,Assunto,Indicadores
13,13,29,29,True,/trends/explore?q=/g/121jnq1m&date=today+12-m&geo=BR,/g/121jnq1m,Negócios,Assunto,Indicadores
14,14,28,28,True,/trends/explore?q=/m/0bj6r&date=today+12-m&geo=BR,/m/0bj6r,Sistema,Assunto,Indicadores
15,15,28,28,True,/trends/explore?q=/m/01mt14&date=today+12-m&geo=BR,/m/01mt14,Índice de Desenvolvimento Humano,Assunto,Indicadores
16,16,28,28,True,/trends/explore?q=/m/0qb7t&date=today+12-m&geo=BR,/m/0qb7t,Organização,Assunto,Indicadores
17,17,24,24,True,/trends/explore?q=/m/07b7r&date=today+12-m&geo=BR,/m/07b7r,Estratégia,Assunto,Indicadores
18,18,23,23,True,/trends/explore?q=/m/03y39&date=today+12-m&geo=BR,/m/03y39,Informação,Assunto,Indicadores
19,19,22,22,True,/trends/explore?q=/m/0cdb6&date=today+12-m&geo=BR,/m/0cdb6,Demografia,Área de estudo,Indicadores
20,20,22,22,True,/trends/explore?q=/g/120y82ws&date=today+12-m&geo=BR,/g/120y82ws,Indicador,Química,Indicadores
21,21,22,22,True,/trends/explore?q=/m/0jkfj&date=today+12-m&geo=BR,/m/0jkfj,Indicador econômico,Assunto,Indicadores
22,22,20,20,True,/trends/explore?q=/m/0203b&date=today+12-m&geo=BR,/m/0203b,Conceito,Assunto,Indicadores
23,23,20,20,True,/trends/explore?q=/m/01qfr1&date=today+12-m&geo=BR,/m/01qfr1,Social,Assunto,Indicadores
24,24,19,19,True,/trends/explore?q=/m/0217bt&date=today+12-m&geo=BR,/m/0217bt,Planejamento,Assunto,Indicadores
0,0,100,100,True,/trends/explore?q=/m/0bmrb3&date=today+12-m&geo=BR,/m/0bmrb3,Tableau de bord,Assunto,Dashboards
1,1,20,20,True,/trends/explore?q=/m/016jq3&date=today+12-m&geo=BR,/m/016jq3,Inteligência empresarial,Assunto,Dashboards
2,2,18,18,True,/trends/explore?q=/g/11clr_l6ft&date=today+12-m&geo=BR,/g/11clr_l6ft,Power BI,Assunto,Dashboards
3,3,11,11,True,/trends/explore?q=/m/052tr&date=today+12-m&geo=BR,/m/052tr,Microsoft Excel,Programa de computador,Dashboards
4,4,8,8,True,/trends/explore?q=/m/026sq&date=today+12-m&geo=BR,/m/026sq,Dados,Assunto,Dashboards
5,5,5,5,True,/trends/explore?q=/g/11fy132gmf&date=today+12-m&geo=BR,/g/11fy132gmf,Grafana,Software,Dashboards
6,6,4,4,True,/trends/explore?q=/m/05z1_&date=today+12-m&geo=BR,/m/05z1_,Python,Linguagem de programação,Dashboards
7,7,3,3,True,/trends/explore?q=/m/0chln1&date=today+12-m&geo=BR,/m/0chln1,Relatório,Assunto,Dashboards
8,8,3,3,True,/trends/explore?q=/g/121jnq1m&date=today+12-m&geo=BR,/g/121jnq1m,Negócios,Assunto,Dashboards
9,9,2,2,True,/trends/explore?q=/m/02kwz2&date=today+12-m&geo=BR,/m/02kwz2,Inteligência,Assunto,Dashboards
10,10,2,2,True,/trends/explore?q=/m/02cwm&date=today+12-m&geo=BR,/m/02cwm,Design,Assunto,Dashboards
11,11,2,2,True,/trends/explore?q=/g/11fmgy30gx&date=today+12-m&geo=BR,/g/11fmgy30gx,Google Data Studio,Assunto,Dashboards
12,12,2,2,True,/trends/explore?q=/m/07k1x&date=today+12-m&geo=BR,/m/07k1x,Ferramenta,Assunto,Dashboards
13,13,2,2,True,/trends/explore?q=/g/121vr6rm&date=today+12-m&geo=BR,/g/121vr6rm,Análise,Assunto,Dashboards
14,14,2,2,True,/trends/explore?q=/m/02s9k80&date=today+12-m&geo=BR,/m/02s9k80,Tableau Software,Empresa,Dashboards
15,15,1,1,True,/trends/explore?q=/m/04q347y&date=today+12-m&geo=BR,/m/04q347y,Gráfico,Assunto,Dashboards
16,16,1,1,True,/trends/explore?q=/m/01rhgl&date=today+12-m&geo=BR,/m/01rhgl,Experiência,Filosofia,Dashboards
17,17,1,1,True,/trends/explore?q=/g/11my1t41tp&date=today+12-m&geo=BR,/g/11my1t41tp,good,Assunto,Dashboards
18,18,1,1,True,/trends/explore?q=/m/0z5n&date=today+12-m&geo=BR,/m/0z5n,Interface de programação de aplicações,Assunto,Dashboards
19,19,1,1,True,/trends/explore?q=/m/07btr5&date=today+12-m&geo=BR,/m/07btr5,Salesforce,Empresa,Dashboards
20,20,1,1,True,/trends/explore?q=/m/04sv4&date=today+12-m&geo=BR,/m/04sv4,Microsoft,Empresa,Dashboards
21,21,1,1,True,/trends/explore?q=/g/11h0b6gwth&date=today+12-m&geo=BR,/g/11h0b6gwth,Prometheus,Software,Dashboards
22,22,1,1,True,/trends/explore?q=/g/11cknd0blr&date=today+12-m&geo=BR,/g/11cknd0blr,Kibana,Software,Dashboards
23,23,1,1,True,/trends/explore?q=/m/030mbr&date=today+12-m&geo=BR,/m/030mbr,visualização,Assunto,Dashboards
24,24,1,1,True,/trends/explore?q=/m/05mfv7&date=today+12-m&geo=BR,/m/05mfv7,OpenSearch,Assunto,Dashboards
0,0,100,100,True,/trends/explore?q=/m/0k9sx&date=today+12-m&geo=BR,/m/0k9sx,Logística,Assunto,Logística
1,1,10,10,True,/trends/explore?q=/m/07bsy&date=today+12-m&geo=BR,/m/07bsy,Transporte,Categoria da listagem de locais,Logística
2,2,7,7,True,/trends/explore?q=/m/07hs4p&date=today+12-m&geo=BR,/m/07hs4p,Disciplina,Assunto,Logística
3,3,7,7,True,/trends/explore?q=/m/06m5wc&date=today+12-m&geo=BR,/m/06m5wc,Logística reversa,Assunto,Logística
4,4,6,6,True,/trends/explore?q=/m/02w88k&date=today+12-m&geo=BR,/m/02w88k,Salário,Assunto,Logística
5,5,4,4,True,/trends/explore?q=/g/121c4vmj&date=today+12-m&geo=BR,/g/121c4vmj,Administração,Campo de estudo,Logística
6,6,4,4,True,/trends/explore?q=/g/120mc0pr&date=today+12-m&geo=BR,/g/120mc0pr,Ensino técnico,Categoria de escola,Logística
7,7,3,3,True,/trends/explore?q=/m/07s0m_&date=today+12-m&geo=BR,/m/07s0m_,Faculdade,Assunto,Logística
8,8,3,3,True,/trends/explore?q=/g/121jnq1m&date=today+12-m&geo=BR,/g/121jnq1m,Negócios,Assunto,Logística
9,9,2,2,True,/trends/explore?q=/g/120hndy9&date=today+12-m&geo=BR,/g/120hndy9,Processos da gerência de projetos,Assunto,Logística
10,10,2,2,True,/trends/explore?q=/m/0n0j&date=today+12-m&geo=BR,/m/0n0j,Área,Assunto,Logística
11,11,2,2,True,/trends/explore?q=/m/06z59&date=today+12-m&geo=BR,/m/06z59,Gestão da cadeia de suprimentos,Assunto,Logística
12,12,2,2,True,/trends/explore?q=/m/0806jls&date=today+12-m&geo=BR,/m/0806jls,Produção,Assunto,Logística
13,13,2,2,True,/trends/explore?q=/m/019h6j&date=today+12-m&geo=BR,/m/019h6j,Gestão da cadeia logística,Assunto,Logística
14,14,2,2,True,/trends/explore?q=/m/01jsq_&date=today+12-m&geo=BR,/m/01jsq_,Distribuição,Logística,Logística
15,15,2,2,True,/trends/explore?q=/g/121cxq83&date=today+12-m&geo=BR,/g/121cxq83,Serviço,Economia,Logística
16,16,2,2,True,/trends/explore?q=/m/0203b&date=today+12-m&geo=BR,/m/0203b,Conceito,Assunto,Logística
17,17,2,2,True,/trends/explore?q=/g/122h5gw1&date=today+12-m&geo=BR,/g/122h5gw1,Analista,Emprego,Logística
18,18,2,2,True,/trends/explore?q=/m/07c1v&date=today+12-m&geo=BR,/m/07c1v,Tecnologia,Assunto,Logística
19,19,1,1,True,/trends/explore?q=/m/09mwmm&date=today+12-m&geo=BR,/m/09mwmm,Serviço Nacional de Aprendizagem Industrial,Instituição sem fins lucrativos,Logística
20,20,1,1,True,/trends/explore?q=/m/0qb7t&date=today+12-m&geo=BR,/m/0qb7t,Organização,Assunto,Logística
21,21,1,1,True,/trends/explore?q=/m/0217bt&date=today+12-m&geo=BR,/m/0217bt,Planejamento,Assunto,Logística
22,22,1,1,True,/trends/explore?q=/g/11b6snzkb7&date=today+12-m&geo=BR,/g/11b6snzkb7,Estoque,Assunto,Logística
23,23,1,1,True,/trends/explore?q=/g/121ymzyz&date=today+12-m&geo=BR,/g/121ymzyz,Indústria,Assunto,Logística
24,24,1,1,True,/trends/explore?q=/m/01593g&date=today+12-m&geo=BR,/m/01593g,Qualidade,Assunto,Logística
0,0,100,100,True,/trends/explore?q=/m/0g4gr&date=today+12-m&geo=BR,/m/0g4gr,Marketing,Assunto,Marketing
1,1,33,33,True,/trends/explore?q=/g/122hcnps&date=today+12-m&geo=BR,/g/122hcnps,Marketing digital,Campo profissional,Marketing
2,2,29,29,True,/trends/explore?q=/m/029kh&date=today+12-m&geo=BR,/m/029kh,Dados digitais,Assunto,Marketing
3,3,8,8,True,/trends/explore?q=/m/07hs4p&date=today+12-m&geo=BR,/m/07hs4p,Disciplina,Assunto,Marketing
4,4,4,4,True,/trends/explore?q=/g/121jnq1m&date=today+12-m&geo=BR,/g/121jnq1m,Negócios,Assunto,Marketing
5,5,3,3,True,/trends/explore?q=/m/07b7r&date=today+12-m&geo=BR,/m/07b7r,Estratégia,Assunto,Marketing
6,6,3,3,True,/trends/explore?q=/m/014dgf&date=today+12-m&geo=BR,/m/014dgf,Vendas,Assunto,Marketing
7,7,2,2,True,/trends/explore?q=/g/121c4vmj&date=today+12-m&geo=BR,/g/121c4vmj,Administração,Campo de estudo,Marketing
8,8,2,2,True,/trends/explore?q=/m/01jwgf&date=today+12-m&geo=BR,/m/01jwgf,Produto,Marketing,Marketing
9,9,2,2,True,/trends/explore?q=/m/07s0m_&date=today+12-m&geo=BR,/m/07s0m_,Faculdade,Assunto,Marketing
10,10,2,2,True,/trends/explore?q=/m/011s0&date=today+12-m&geo=BR,/m/011s0,Publicidade,Assunto,Marketing
11,11,2,2,True,/trends/explore?q=/m/01wg0g&date=today+12-m&geo=BR,/m/01wg0g,Estratégias de marketing,Assunto,Marketing
12,12,2,2,True,/trends/explore?q=/m/025b6kg&date=today+12-m&geo=BR,/m/025b6kg,E-mail marketing,Assunto,Marketing
13,13,2,2,True,/trends/explore?q=/m/01lhf&date=today+12-m&geo=BR,/m/01lhf,Comunicação,Assunto,Marketing
14,14,2,2,True,/trends/explore?q=/m/0217bt&date=today+12-m&geo=BR,/m/0217bt,Planejamento,Assunto,Marketing
15,15,2,2,True,/trends/explore?q=/m/01k1nr&date=today+12-m&geo=BR,/m/01k1nr,Marketing mix,Assunto,Marketing
16,16,1,1,True,/trends/explore?q=/m/01j0mk&date=today+12-m&geo=BR,/m/01j0mk,Cliente,Assunto,Marketing
17,17,1,1,True,/trends/explore?q=/g/120hzj6v&date=today+12-m&geo=BR,/g/120hzj6v,Agência de marketing,Assunto,Marketing
18,18,1,1,True,/trends/explore?q=/m/018jrr&date=today+12-m&geo=BR,/m/018jrr,Plano,Assunto,Marketing
19,19,1,1,True,/trends/explore?q=/g/122h5gw1&date=today+12-m&geo=BR,/g/122h5gw1,Analista,Emprego,Marketing
20,20,1,1,True,/trends/explore?q=/g/121bk76y&date=today+12-m&geo=BR,/g/121bk76y,Grátis,Moeda,Marketing
21,21,1,1,True,/trends/explore?q=/m/01jv6s&date=today+12-m&geo=BR,/m/01jv6s,Plano de marketing,Assunto,Marketing
22,22,0,<1,True,/trends/explore?q=/m/02y_9m3&date=today+12-m&geo=BR,/m/02y_9m3,Computação em nuvem,Assunto,Marketing
23,23,0,<1,True,/trends/explore?q=/m/0312h5&date=today+12-m&geo=BR,/m/0312h5,Tráfego web,Assunto,Marketing
24,24,0,<1,True,/trends/explore?q=/m/0bmgvsy&date=today+12-m&geo=BR,/m/0bmgvsy,ExactTarget,Empresa,Marketing
0,0,100,100,True,/trends/explore?q=/m/024n8g&date=today+12-m&geo=BR,/m/024n8g,Implementação de software,Assunto,Implementação
1,1,25,25,True,/trends/explore?q=/m/025s6bf&date=today+12-m&geo=BR,/m/025s6bf,Oxigénio,Elemento químico,Implementação
2,2,13,13,True,/trends/explore?q=/g/120hndy9&date=today+12-m&geo=BR,/g/120hndy9,Processos da gerência de projetos,Assunto,Implementação
3,3,11,11,True,/trends/explore?q=/m/05qt0&date=today+12-m&geo=BR,/m/05qt0,Política,Assunto,Implementação
4,4,11,11,True,/trends/explore?q=/m/0bj6r&date=today+12-m&geo=BR,/m/0bj6r,Sistema,Assunto,Implementação
5,5,11,11,True,/trends/explore?q=/g/121c4vmj&date=today+12-m&geo=BR,/g/121c4vmj,Administração,Campo de estudo,Implementação
6,6,10,10,True,/trends/explore?q=/m/04gb7&date=today+12-m&geo=BR,/m/04gb7,Direito,Assunto,Implementação
7,7,10,10,True,/trends/explore?q=/m/02jfc&date=today+12-m&geo=BR,/m/02jfc,Educação,Assunto,Implementação
8,8,10,10,True,/trends/explore?q=/m/015ns&date=today+12-m&geo=BR,/m/015ns,Ser,Assunto,Implementação
9,9,8,8,True,/trends/explore?q=/m/0qb7t&date=today+12-m&geo=BR,/m/0qb7t,Organização,Assunto,Implementação
10,10,8,8,True,/trends/explore?q=/m/0156dy&date=today+12-m&geo=BR,/m/0156dy,Projeto,Assunto,Implementação
11,11,8,8,True,/trends/explore?q=/m/0hqj_&date=today+12-m&geo=BR,/m/0hqj_,Sinônimo,Assunto,Implementação
12,12,7,7,True,/trends/explore?q=/m/03g_1kv&date=today+12-m&geo=BR,/m/03g_1kv,Objetivo,Assunto,Implementação
13,13,7,7,True,/trends/explore?q=/g/121vr6rm&date=today+12-m&geo=BR,/g/121vr6rm,Análise,Assunto,Implementação
14,14,7,7,True,/trends/explore?q=/m/0217bt&date=today+12-m&geo=BR,/m/0217bt,Planejamento,Assunto,Implementação
15,15,7,7,True,/trends/explore?q=/m/07b7r&date=today+12-m&geo=BR,/m/07b7r,Estratégia,Assunto,Implementação
16,16,6,6,True,/trends/explore?q=/m/0kt51&date=today+12-m&geo=BR,/m/0kt51,Saúde,Assunto,Implementação
17,17,6,6,True,/trends/explore?q=/m/07c1v&date=today+12-m&geo=BR,/m/07c1v,Tecnologia,Assunto,Implementação
18,18,5,5,True,/trends/explore?q=/m/026sq&date=today+12-m&geo=BR,/m/026sq,Dados,Assunto,Implementação
19,19,5,5,True,/trends/explore?q=/m/0gw5h&date=today+12-m&geo=BR,/m/0gw5h,Avaliação,Assunto,Implementação
20,20,5,5,True,/trends/explore?q=/m/0203b&date=today+12-m&geo=BR,/m/0203b,Conceito,Assunto,Implementação
21,21,5,5,True,/trends/explore?q=/m/03jzl9&date=today+12-m&geo=BR,/m/03jzl9,Ação,Finanças,Implementação
22,22,5,5,True,/trends/explore?q=/m/02py09&date=today+12-m&geo=BR,/m/02py09,Meio ambiente,Assunto,Implementação
23,23,5,5,True,/trends/explore?q=/g/121jnq1m&date=today+12-m&geo=BR,/g/121jnq1m,Negócios,Assunto,Implementação
24,24,5,5,True,/trends/explore?q=/m/05nk6s&date=today+12-m&geo=BR,/m/05nk6s,Implantação de software,Assunto,Implementação
0,0,100,100,True,/trends/explore?q=/m/01jr1p&date=today+12-m&geo=BR,/m/01jr1p,"Extract, transform, load",Assunto,ETL
1,1,22,22,True,/trends/explore?q=/m/026sq&date=today+12-m&geo=BR,/m/026sq,Dados,Assunto,ETL
2,2,8,8,True,/trends/explore?q=/m/016jq3&date=today+12-m&geo=BR,/m/016jq3,Inteligência empresarial,Assunto,ETL
3,3,7,7,True,/trends/explore?q=/m/07k1x&date=today+12-m&geo=BR,/m/07k1x,Ferramenta,Assunto,ETL
4,4,6,6,True,/trends/explore?q=/g/1tdknb0g&date=today+12-m&geo=BR,/g/1tdknb0g,ETL de Lins,"Instituição educacional em Lins, São Paulo",ETL
5,5,6,6,True,/trends/explore?q=/m/05z1_&date=today+12-m&geo=BR,/m/05z1_,Python,Linguagem de programação,ETL
6,6,5,5,True,/trends/explore?q=/g/11clr_l6ft&date=today+12-m&geo=BR,/g/11clr_l6ft,Power BI,Assunto,ETL
7,7,5,5,True,/trends/explore?q=/g/1pycv1ktq&date=today+12-m&geo=BR,/g/1pycv1ktq,Lins,Cidade em São Paulo,ETL
8,8,5,5,True,/trends/explore?q=/m/075st&date=today+12-m&geo=BR,/m/075st,SQL,Linguagem de programação,ETL
9,9,4,4,True,/trends/explore?q=/m/0274f&date=today+12-m&geo=BR,/m/0274f,Armazém de dados,Assunto,ETL
10,10,4,4,True,/trends/explore?q=/m/08hbfh&date=today+12-m&geo=BR,/m/08hbfh,Pentaho,Assunto,ETL
11,11,3,3,True,/trends/explore?q=/m/02bc6&date=today+12-m&geo=BR,/m/02bc6,Banco de dados,Gênero do formato do arquivo,ETL
12,12,3,3,True,/trends/explore?q=/g/120hndy9&date=today+12-m&geo=BR,/g/120hndy9,Processos da gerência de projetos,Assunto,ETL
13,13,3,3,True,/trends/explore?q=/m/05nrgx&date=today+12-m&geo=BR,/m/05nrgx,Amazon Web Services,Assunto,ETL
14,14,2,2,True,/trends/explore?q=/g/11cs5fz1y4&date=today+12-m&geo=BR,/g/11cs5fz1y4,Talend,Assunto,ETL
15,15,2,2,True,/trends/explore?q=/m/0c909&date=today+12-m&geo=BR,/m/0c909,Processo,Informática,ETL
16,16,2,2,True,/trends/explore?q=/m/01mf0&date=today+12-m&geo=BR,/m/01mf0,Software,Assunto,ETL
17,17,2,2,True,/trends/explore?q=/m/09l5h3&date=today+12-m&geo=BR,/m/09l5h3,SQL Server Integration Services,Software,ETL
18,18,2,2,True,/trends/explore?q=/m/0136zzks&date=today+12-m&geo=BR,/m/0136zzks,Data Lake,Assunto,ETL
19,19,2,2,True,/trends/explore?q=/m/0bs2j8q&date=today+12-m&geo=BR,/m/0bs2j8q,Big data,Assunto,ETL
20,20,2,2,True,/trends/explore?q=/m/03y39&date=today+12-m&geo=BR,/m/03y39,Informação,Assunto,ETL
21,21,2,2,True,/trends/explore?q=/m/04y7lrx&date=today+12-m&geo=BR,/m/04y7lrx,Microsoft Azure,Software,ETL
22,22,2,2,True,/trends/explore?q=/m/0jt3_q3&date=today+12-m&geo=BR,/m/0jt3_q3,Ciência de dados,Assunto,ETL
23,23,2,2,True,/trends/explore?q=/m/02kwz2&date=today+12-m&geo=BR,/m/02kwz2,Inteligência,Assunto,ETL
24,24,2,2,True,/trends/explore?q=/g/11fj327scc&date=today+12-m&geo=BR,/g/11fj327scc,Apache Airflow,Software,ETL
0,0,100,100,True,/trends/explore?q=/g/1219h5tz&date=today+12-m&geo=BR,/g/1219h5tz,Visão,Assunto,Visão
1,1,33,33,True,/trends/explore?q=/g/120p9z2_&date=today+12-m&geo=BR,/g/120p9z2_,Declaração de visão,Assunto,Visão
2,2,23,23,True,/trends/explore?q=/m/0bhrmc&date=today+12-m&geo=BR,/m/0bhrmc,Valor,Ética,Visão
3,3,21,21,True,/trends/explore?q=/m/026717j&date=today+12-m&geo=BR,/m/026717j,Declaração de missão,Assunto,Visão
4,4,18,18,True,/trends/explore?q=/m/018vlx&date=today+12-m&geo=BR,/m/018vlx,Visão noturna,Assunto,Visão
5,5,17,17,True,/trends/explore?q=/m/014sv8&date=today+12-m&geo=BR,/m/014sv8,Olho,Assunto,Visão
6,6,13,13,True,/trends/explore?q=/m/0170fc&date=today+12-m&geo=BR,/m/0170fc,Visão,Espiritualidade,Visão
7,7,11,11,True,/trends/explore?q=/g/121jnq1m&date=today+12-m&geo=BR,/g/121jnq1m,Negócios,Assunto,Visão
8,8,10,10,True,/trends/explore?q=/m/03g_gxj&date=today+12-m&geo=BR,/m/03g_gxj,Visão embaçada,Assunto,Visão
9,9,9,9,True,/trends/explore?q=/m/0f1nxc&date=today+12-m&geo=BR,/m/0f1nxc,Visão monocular,Assunto,Visão
10,10,8,8,True,/trends/explore?q=/m/0jyfg&date=today+12-m&geo=BR,/m/0jyfg,Óculos,Assunto,Visão
11,11,8,8,True,/trends/explore?q=/m/0qb7t&date=today+12-m&geo=BR,/m/0qb7t,Organização,Assunto,Visão
12,12,8,8,True,/trends/explore?q=/g/11bc5htc7q&date=today+12-m&geo=BR,/g/11bc5htc7q,Espiritismo,Assunto,Visão
13,13,7,7,True,/trends/explore?q=/m/0203b&date=today+12-m&geo=BR,/m/0203b,Conceito,Assunto,Visão
14,14,6,6,True,/trends/explore?q=/g/121vr6rm&date=today+12-m&geo=BR,/g/121vr6rm,Análise,Assunto,Visão
15,15,6,6,True,/trends/explore?q=/m/012817hq&date=today+12-m&geo=BR,/m/012817hq,Visão,Revista,Visão
16,16,6,6,True,/trends/explore?q=/m/03g_1kv&date=today+12-m&geo=BR,/m/03g_1kv,Objetivo,Assunto,Visão
17,17,4,4,True,/trends/explore?q=/m/04n4x&date=today+12-m&geo=BR,/m/04n4x,Lente,Assunto,Visão
18,18,4,4,True,/trends/explore?q=/g/11bc5ddx3d&date=today+12-m&geo=BR,/g/11bc5ddx3d,Pensamento sistêmico,Assunto,Visão
19,19,4,4,True,/trends/explore?q=/m/0fkdq&date=today+12-m&geo=BR,/m/0fkdq,Oftalmologia,Especialidade médica,Visão
20,20,3,3,True,/trends/explore?q=/m/0chf1d&date=today+12-m&geo=BR,/m/0chf1d,Astigmatismo,Doença,Visão
21,21,3,3,True,/trends/explore?q=/m/01_tgj&date=today+12-m&geo=BR,/m/01_tgj,Respeito,Assunto,Visão
22,22,3,3,True,/trends/explore?q=/m/01s3b&date=today+12-m&geo=BR,/m/01s3b,Século,Unidade de tempo,Visão
23,23,3,3,True,/trends/explore?q=/g/120ht8kb&date=today+12-m&geo=BR,/g/120ht8kb,Exemplo,Assunto,Visão
24,24,3,3,True,/trends/explore?q=/m/0b_fd&date=today+12-m&geo=BR,/m/0b_fd,Sentido,Assunto,Visão
0,0,100,100,True,/trends/explore?q=/m/02kwz2&date=today+12-m&geo=BR,/m/02kwz2,Inteligência,Assunto,Inteligência Artificial
1,1,91,91,True,/trends/explore?q=/m/0mkz&date=today+12-m&geo=BR,/m/0mkz,Inteligência artificial,Campo de estudo,Inteligência Artificial
2,2,13,13,True,/trends/explore?q=/m/0h91k13&date=today+12-m&geo=BR,/m/0h91k13,LG,Assunto,Inteligência Artificial
3,3,12,12,True,/trends/explore?q=/m/0bx_y3w&date=today+12-m&geo=BR,/m/0bx_y3w,Televisor,Assunto,Inteligência Artificial
4,4,9,9,True,/trends/explore?q=/m/011xg5&date=today+12-m&geo=BR,/m/011xg5,A.I. - Inteligência Artificial,Filme de 2001,Inteligência Artificial
5,5,9,9,True,/trends/explore?q=/m/0cnzt8p&date=today+12-m&geo=BR,/m/0cnzt8p,Smart TV,Assunto,Inteligência Artificial
6,6,9,9,True,/trends/explore?q=/m/0bwh1_7&date=today+12-m&geo=BR,/m/0bwh1_7,Resolução 4K,Formato do filme,Inteligência Artificial
7,7,6,6,True,/trends/explore?q=/m/07c1v&date=today+12-m&geo=BR,/m/07c1v,Tecnologia,Assunto,Inteligência Artificial
8,8,5,5,True,/trends/explore?q=/m/0h4d9&date=today+12-m&geo=BR,/m/0h4d9,Wi-Fi,Assunto,Inteligência Artificial
9,9,5,5,True,/trends/explore?q=/m/026sq&date=today+12-m&geo=BR,/m/026sq,Dados,Assunto,Inteligência Artificial
10,10,5,5,True,/trends/explore?q=/m/017lm&date=today+12-m&geo=BR,/m/017lm,Bluetooth,Assunto,Inteligência Artificial
11,11,3,3,True,/trends/explore?q=/m/0bj6r&date=today+12-m&geo=BR,/m/0bj6r,Sistema,Assunto,Inteligência Artificial
12,12,3,3,True,/trends/explore?q=/g/11gzmdk9wy&date=today+12-m&geo=BR,/g/11gzmdk9wy,"1,27 m",Assunto,Inteligência Artificial
13,13,3,3,True,/trends/explore?q=/m/06fgw&date=today+12-m&geo=BR,/m/06fgw,Robô,Assunto,Inteligência Artificial
14,14,3,3,True,/trends/explore?q=/m/06mq7&date=today+12-m&geo=BR,/m/06mq7,Ciência,Categoria de escola,Inteligência Artificial
15,15,3,3,True,/trends/explore?q=/g/11gtc0wmd8&date=today+12-m&geo=BR,/g/11gtc0wmd8,"1,4 m",Assunto,Inteligência Artificial
16,16,2,2,True,/trends/explore?q=/m/017c2h&date=today+12-m&geo=BR,/m/017c2h,High dynamic range,Assunto,Inteligência Artificial
17,17,2,2,True,/trends/explore?q=/m/03y39&date=today+12-m&geo=BR,/m/03y39,Informação,Assunto,Inteligência Artificial
18,18,2,2,True,/trends/explore?q=/g/11l3fh3208&date=today+12-m&geo=BR,/g/11l3fh3208,43 pol.,Assunto,Inteligência Artificial
19,19,2,2,True,/trends/explore?q=/m/04myn&date=today+12-m&geo=BR,/m/04myn,Diodo emissor de luz,Assunto,Inteligência Artificial
20,20,2,2,True,/trends/explore?q=/m/0jpv&date=today+12-m&geo=BR,/m/0jpv,Algoritmo,Assunto,Inteligência Artificial
21,21,2,2,True,/trends/explore?q=/m/01hyh_&date=today+12-m&geo=BR,/m/01hyh_,Aprendizado de máquina,Campo de estudo,Inteligência Artificial
22,22,1,1,True,/trends/explore?q=/m/012sd9yz&date=today+12-m&geo=BR,/m/012sd9yz,FreeSync,Software,Inteligência Artificial
23,23,1,1,True,/trends/explore?q=/g/11n16jpw8q&date=today+12-m&geo=BR,/g/11n16jpw8q,DALL-E,Assunto,Inteligência Artificial
24,24,1,1,True,/trends/explore?q=/m/054_cb&date=today+12-m&geo=BR,/m/054_cb,Metaverso,Universo ficcional,Inteligência Artificial
0,0,100,100,True,/trends/explore?q=/m/02kwz2&date=today+12-m&geo=BR,/m/02kwz2,Inteligência,Assunto,Inteligência de Negócio
1,1,96,96,True,/trends/explore?q=/m/025s6bf&date=today+12-m&geo=BR,/m/025s6bf,Oxigénio,Elemento químico,Inteligência de Negócio
2,2,91,91,True,/trends/explore?q=/g/121jnq1m&date=today+12-m&geo=BR,/g/121jnq1m,Negócios,Assunto,Inteligência de Negócio
3,3,59,59,True,/trends/explore?q=/m/026sq&date=today+12-m&geo=BR,/m/026sq,Dados,Assunto,Inteligência de Negócio
4,4,57,57,True,/trends/explore?q=/m/0bj6r&date=today+12-m&geo=BR,/m/0bj6r,Sistema,Assunto,Inteligência de Negócio
5,5,50,50,True,/trends/explore?q=/m/03y39&date=today+12-m&geo=BR,/m/03y39,Informação,Assunto,Inteligência de Negócio
6,6,47,47,True,/trends/explore?q=/m/015ns&date=today+12-m&geo=BR,/m/015ns,Ser,Assunto,Inteligência de Negócio
7,7,40,40,True,/trends/explore?q=/m/07c1v&date=today+12-m&geo=BR,/m/07c1v,Tecnologia,Assunto,Inteligência de Negócio
8,8,35,35,True,/trends/explore?q=/m/0qb7t&date=today+12-m&geo=BR,/m/0qb7t,Organização,Assunto,Inteligência de Negócio
9,9,34,34,True,/trends/explore?q=/g/121vr6rm&date=today+12-m&geo=BR,/g/121vr6rm,Análise,Assunto,Inteligência de Negócio
10,10,28,28,True,/trends/explore?q=/m/0mkz&date=today+12-m&geo=BR,/m/0mkz,Inteligência artificial,Campo de estudo,Inteligência de Negócio
11,11,28,28,True,/trends/explore?q=/m/015hcf&date=today+12-m&geo=BR,/m/015hcf,Ideia,Assunto,Inteligência de Negócio
12,12,27,27,True,/trends/explore?q=/m/0g4gr&date=today+12-m&geo=BR,/m/0g4gr,Marketing,Assunto,Inteligência de Negócio
13,13,25,25,True,/trends/explore?q=/m/016jq3&date=today+12-m&geo=BR,/m/016jq3,Inteligência empresarial,Assunto,Inteligência de Negócio
14,14,23,23,True,/trends/explore?q=/m/06nxt&date=today+12-m&geo=BR,/m/06nxt,Segundo,Unidade de medida,Inteligência de Negócio
15,15,23,23,True,/trends/explore?q=/g/120hndy9&date=today+12-m&geo=BR,/g/120hndy9,Processos da gerência de projetos,Assunto,Inteligência de Negócio
16,16,23,23,True,/trends/explore?q=/g/120pytmm&date=today+12-m&geo=BR,/g/120pytmm,Sistema de informação,Assunto,Inteligência de Negócio
17,17,23,23,True,/trends/explore?q=/m/09y4pm&date=today+12-m&geo=BR,/m/09y4pm,Mercado,Assunto,Inteligência de Negócio
18,18,22,22,True,/trends/explore?q=/m/0203b&date=today+12-m&geo=BR,/m/0203b,Conceito,Assunto,Inteligência de Negócio
19,19,21,21,True,/trends/explore?q=/m/06mpr&date=today+12-m&geo=BR,/m/06mpr,Conjunto,Assunto,Inteligência de Negócio
20,20,20,20,True,/trends/explore?q=/m/0217bt&date=today+12-m&geo=BR,/m/0217bt,Planejamento,Assunto,Inteligência de Negócio
21,21,19,19,True,/trends/explore?q=/m/02mj0&date=today+12-m&geo=BR,/m/02mj0,e,Constante matemática,Inteligência de Negócio
22,22,19,19,True,/trends/explore?q=/m/0ns8w&date=today+12-m&geo=BR,/m/0ns8w,Inteligência emocional,Assunto,Inteligência de Negócio
23,23,19,19,True,/trends/explore?q=/m/02wbt5h&date=today+12-m&geo=BR,/m/02wbt5h,Contexto,Assunto,Inteligência de Negócio
24,24,18,18,True,/trends/explore?q=/m/014cnc&date=today+12-m&geo=BR,/m/014cnc,Aluno,Assunto,Inteligência de Negócio
0,0,100,100,True,/trends/explore?q=/m/03ytc&date=today+12-m&geo=BR,/m/03ytc,Tecnologia da informação,Tipo de organização,TI
1,1,17,17,True,/trends/explore?q=/g/11k_0zj3fv&date=today+12-m&geo=BR,/g/11k_0zj3fv,NVIDIA GeForce RTX,Placa de vídeo,TI
2,2,15,15,True,/trends/explore?q=/g/11b7hps9_v&date=today+12-m&geo=BR,/g/11b7hps9_v,NVIDIA GeForce GTX,Placa de vídeo,TI
3,3,10,10,True,/trends/explore?q=/m/0dgpf54&date=today+12-m&geo=BR,/m/0dgpf54,Cifra,Música,TI
4,4,8,8,True,/trends/explore?q=/g/11csb4412b&date=today+12-m&geo=BR,/g/11csb4412b,NVIDIA GeForce GTX 1050 Ti,Placa de vídeo,TI
5,5,7,7,True,/trends/explore?q=/g/11c1tb8tvn&date=today+12-m&geo=BR,/g/11c1tb8tvn,Eu Cuido de Ti,Canção de Canção & Louvor,TI
6,6,6,6,True,/trends/explore?q=/m/0syjz&date=today+12-m&geo=BR,/m/0syjz,Placa de vídeo,Classe do periférico do computador,TI
7,7,5,5,True,/trends/explore?q=/m/066969&date=today+12-m&geo=BR,/m/066969,Louvor,Assunto,TI
8,8,5,5,True,/trends/explore?q=/m/07s0m_&date=today+12-m&geo=BR,/m/07s0m_,Faculdade,Assunto,TI
9,9,5,5,True,/trends/explore?q=/m/0cdv_1&date=today+12-m&geo=BR,/m/0cdv_1,Senhor,Assunto,TI
10,10,5,5,True,/trends/explore?q=/m/02bk07&date=today+12-m&geo=BR,/m/02bk07,Canto,Assunto,TI
11,11,4,4,True,/trends/explore?q=/m/07c1v&date=today+12-m&geo=BR,/m/07c1v,Tecnologia,Assunto,TI
12,12,3,3,True,/trends/explore?q=/m/03y39&date=today+12-m&geo=BR,/m/03y39,Informação,Assunto,TI
13,13,3,3,True,/trends/explore?q=/m/024f4v6&date=today+12-m&geo=BR,/m/024f4v6,Preciso de Ti,Álbum ao vivo de Diante do Trono,TI
14,14,2,2,True,/trends/explore?q=/m/01rk91&date=today+12-m&geo=BR,/m/01rk91,Estágio profissional,Cargo,TI
15,15,1,1,True,/trends/explore?q=/m/01mf0&date=today+12-m&geo=BR,/m/01mf0,Software,Assunto,TI
16,16,1,1,True,/trends/explore?q=/m/018j6p&date=today+12-m&geo=BR,/m/018j6p,Programador,Emprego,TI
17,17,1,1,True,/trends/explore?q=/m/0c7z0&date=today+12-m&geo=BR,/m/0c7z0,Análise de sistemas,Campo de estudo,TI
18,18,1,1,True,/trends/explore?q=/m/017kvv&date=today+12-m&geo=BR,/m/017kvv,Infraestrutura,Engenharia,TI
19,19,1,1,True,/trends/explore?q=/g/11c60qfr40&date=today+12-m&geo=BR,/g/11c60qfr40,GALAX,Assunto,TI
20,20,1,1,True,/trends/explore?q=/g/11fyzfgzph&date=today+12-m&geo=BR,/g/11fyzfgzph,Infraestrutura de TI,Assunto,TI
21,21,1,1,True,/trends/explore?q=/m/022l1f&date=today+12-m&geo=BR,/m/022l1f,Unidade de processamento gráfico,Assunto,TI
22,22,1,1,True,/trends/explore?q=/g/11f63crj4m&date=today+12-m&geo=BR,/g/11f63crj4m,AMD Ryzen 7,Unidade central de processamento,TI
23,23,1,1,True,/trends/explore?q=/g/11dzf398r1&date=today+12-m&geo=BR,/g/11dzf398r1,TechPowerUp,Assunto,TI
0,0,100,100,True,/trends/explore?q=/m/026sq&date=today+12-m&geo=BR,/m/026sq,Dados,Assunto,Coleta de Dados
1,1,40,40,True,/trends/explore?q=/m/06cs1&date=today+12-m&geo=BR,/m/06cs1,Pesquisa,Assunto,Coleta de Dados
2,2,39,39,True,/trends/explore?q=/m/025s6bf&date=today+12-m&geo=BR,/m/025s6bf,Oxigénio,Elemento químico,Coleta de Dados
3,3,17,17,True,/trends/explore?q=/g/121vr6rm&date=today+12-m&geo=BR,/g/121vr6rm,Análise,Assunto,Coleta de Dados
4,4,17,17,True,/trends/explore?q=/m/015ns&date=today+12-m&geo=BR,/m/015ns,Ser,Assunto,Coleta de Dados
5,5,15,15,True,/trends/explore?q=/g/120hndy9&date=today+12-m&geo=BR,/g/120hndy9,Processos da gerência de projetos,Assunto,Coleta de Dados
6,6,15,15,True,/trends/explore?q=/g/122152pm&date=today+12-m&geo=BR,/g/122152pm,Técnica,Assunto,Coleta de Dados
7,7,15,15,True,/trends/explore?q=/m/06q2q&date=today+12-m&geo=BR,/m/06q2q,Cientista,Trabalho,Coleta de Dados
8,8,13,13,True,/trends/explore?q=/m/04szw&date=today+12-m&geo=BR,/m/04szw,Instrumento musical,Assunto,Coleta de Dados
9,9,13,13,True,/trends/explore?q=/m/02xgdd&date=today+12-m&geo=BR,/m/02xgdd,Metodologia,Campo de estudo,Coleta de Dados
10,10,12,12,True,/trends/explore?q=/m/01k8wb&date=today+12-m&geo=BR,/m/01k8wb,Conhecimento,Assunto,Coleta de Dados
11,11,12,12,True,/trends/explore?q=/m/03y39&date=today+12-m&geo=BR,/m/03y39,Informação,Assunto,Coleta de Dados
12,12,11,11,True,/trends/explore?q=/m/06nqd&date=today+12-m&geo=BR,/m/06nqd,Método científico,Assunto,Coleta de Dados
13,13,10,10,True,/trends/explore?q=/m/0qb7t&date=today+12-m&geo=BR,/m/0qb7t,Organização,Assunto,Coleta de Dados
14,14,10,10,True,/trends/explore?q=/m/01jdpf&date=today+12-m&geo=BR,/m/01jdpf,Entrevista,Assunto,Coleta de Dados
15,15,10,10,True,/trends/explore?q=/m/06mnr&date=today+12-m&geo=BR,/m/06mnr,Estatística,Campo de estudo,Coleta de Dados
16,16,10,10,True,/trends/explore?q=/m/020gjv&date=today+12-m&geo=BR,/m/020gjv,Pesquisa qualitativa,Assunto,Coleta de Dados
17,17,10,10,True,/trends/explore?q=/m/03g_1kv&date=today+12-m&geo=BR,/m/03g_1kv,Objetivo,Assunto,Coleta de Dados
18,18,8,8,True,/trends/explore?q=/m/0156dy&date=today+12-m&geo=BR,/m/0156dy,Projeto,Assunto,Coleta de Dados
19,19,8,8,True,/trends/explore?q=/m/026yf&date=today+12-m&geo=BR,/m/026yf,Definição,Assunto,Coleta de Dados
20,20,8,8,True,/trends/explore?q=/m/06mq7&date=today+12-m&geo=BR,/m/06mq7,Ciência,Categoria de escola,Coleta de Dados
21,21,7,7,True,/trends/explore?q=/g/11c6zwrcd1&date=today+12-m&geo=BR,/g/11c6zwrcd1,Estudo,Assunto,Coleta de Dados
22,22,7,7,True,/trends/explore?q=/g/122h6md7&date=today+12-m&geo=BR,/g/122h6md7,Trabalho,Economia,Coleta de Dados
23,23,7,7,True,/trends/explore?q=/m/02v_93z&date=today+12-m&geo=BR,/m/02v_93z,Função,Matemática,Coleta de Dados
24,24,6,6,True,/trends/explore?q=/m/03bx017&date=today+12-m&geo=BR,/m/03bx017,Pesquisador,Trabalho,Coleta de Dados
0,0,100,100,True,/trends/explore?q=/g/121jc7sl&date=today+12-m&geo=BR,/g/121jc7sl,Migração humana,Assunto,Fluxos
1,1,99,99,True,/trends/explore?q=/g/1223wxbx&date=today+12-m&geo=BR,/g/1223wxbx,Fluxo migratório,Assunto,Fluxos
2,2,91,91,True,/trends/explore?q=/m/0bxyw&date=today+12-m&geo=BR,/m/0bxyw,Fluxo,Física,Fluxos
3,3,81,81,True,/trends/explore?q=/m/025s6bf&date=today+12-m&geo=BR,/m/025s6bf,Oxigénio,Elemento químico,Fluxos
4,4,44,44,True,/trends/explore?q=/m/0cjr0&date=today+12-m&geo=BR,/m/0cjr0,Globalização,Assunto,Fluxos
5,5,40,40,True,/trends/explore?q=/m/01lff&date=today+12-m&geo=BR,/m/01lff,País,Assunto,Fluxos
6,6,36,36,True,/trends/explore?q=/g/120hndy9&date=today+12-m&geo=BR,/g/120hndy9,Processos da gerência de projetos,Assunto,Fluxos
7,7,33,33,True,/trends/explore?q=/m/02j62&date=today+12-m&geo=BR,/m/02j62,Economia,Campo de estudo,Fluxos
8,8,28,28,True,/trends/explore?q=/m/0cbx95&date=today+12-m&geo=BR,/m/0cbx95,Imigração,Assunto,Fluxos
9,9,28,28,True,/trends/explore?q=/m/03y39&date=today+12-m&geo=BR,/m/03y39,Informação,Assunto,Fluxos
10,10,24,24,True,/trends/explore?q=/m/07s6nbt&date=today+12-m&geo=BR,/m/07s6nbt,Texto,Assunto,Fluxos
11,11,23,23,True,/trends/explore?q=/m/034ns&date=today+12-m&geo=BR,/m/034ns,Geografia,Área de estudo,Fluxos
12,12,19,19,True,/trends/explore?q=/m/07c1v&date=today+12-m&geo=BR,/m/07c1v,Tecnologia,Assunto,Fluxos
13,13,19,19,True,/trends/explore?q=/m/0fg5q&date=today+12-m&geo=BR,/m/0fg5q,Região,Assunto,Fluxos
14,14,19,19,True,/trends/explore?q=/m/0f29w&date=today+12-m&geo=BR,/m/0f29w,Fluxo de caixa,Assunto,Fluxos
15,15,19,19,True,/trends/explore?q=/m/0fd6q&date=today+12-m&geo=BR,/m/0fd6q,Caixa,Conceito financeiro,Fluxos
16,16,18,18,True,/trends/explore?q=/m/0bj6r&date=today+12-m&geo=BR,/m/0bj6r,Sistema,Assunto,Fluxos
17,17,18,18,True,/trends/explore?q=/m/025szts&date=today+12-m&geo=BR,/m/025szts,Rede de computadores,Assunto,Fluxos
18,18,16,16,True,/trends/explore?q=/m/0qb7t&date=today+12-m&geo=BR,/m/0qb7t,Organização,Assunto,Fluxos
19,19,16,16,True,/trends/explore?q=/g/121vr6rm&date=today+12-m&geo=BR,/g/121vr6rm,Análise,Assunto,Fluxos
20,20,16,16,True,/trends/explore?q=/m/01s3b&date=today+12-m&geo=BR,/m/01s3b,Século,Unidade de tempo,Fluxos
21,21,15,15,True,/trends/explore?q=/m/0203b&date=today+12-m&geo=BR,/m/0203b,Conceito,Assunto,Fluxos
22,22,15,15,True,/trends/explore?q=/m/02j9z&date=today+12-m&geo=BR,/m/02j9z,Europa,Continente,Fluxos
23,23,14,14,True,/trends/explore?q=/m/01lyb&date=today+12-m&geo=BR,/m/01lyb,Continente,Categoria do recurso geográfico,Fluxos
24,24,14,14,True,/trends/explore?q=/g/121ymzyz&date=today+12-m&geo=BR,/g/121ymzyz,Indústria,Assunto,Fluxos
